order_id,customer_id,order_status,order_purchase_timestamp,order_approved_at,order_delivered_carrier_date,order_delivered_customer_date,order_estimated_delivery_date
O00000,C00075,delivered,2024-04-12 14:04:00,2024-04-13 01:04:00,2024-04-14 01:04:00,2024-04-21 01:04:00,2024-04-19 01:04:00
O00001,C00560,delivered,2024-12-14 04:18:00,2024-12-14 07:18:00,2024-12-16 07:18:00,2024-12-24 07:18:00,2024-12-18 07:18:00
O00002,C00669,delivered,2024-09-27 15:01:00,2024-09-27 21:01:00,2024-09-30 21:01:00,2024-10-07 21:01:00,2024-10-03 21:01:00
O00003,C00339,delivered,2024-04-16 11:29:00,2024-04-16 18:29:00,2024-04-17 18:29:00,2024-04-24 18:29:00,2024-04-28 18:29:00
O00004,C00747,delivered,2024-03-12 00:09:00,2024-03-12 18:09:00,2024-03-14 18:09:00,2024-03-19 18:09:00,2024-03-20 18:09:00
O00005,C00050,delivered,2024-07-07 04:20:00,2024-07-07 17:20:00,2024-07-10 17:20:00,2024-07-18 17:20:00,2024-07-13 17:20:00
O00006,C00003,delivered,2024-01-21 02:51:00,2024-01-21 16:51:00,2024-01-22 16:51:00,2024-01-27 16:51:00,2024-02-01 16:51:00
O00007,C00026,delivered,2024-04-12 14:57:00,2024-04-12 21:57:00,2024-04-13 21:57:00,2024-04-18 21:57:00,2024-04-17 21:57:00
O00008,C00118,delivered,2024-05-01 00:12:00,2024-05-01 10:12:00,2024-05-03 10:12:00,2024-05-11 10:12:00,2024-05-12 10:12:00
O00009,C00271,delivered,2024-08-02 19:51:00,2024-08-02 22:51:00,2024-08-05 22:51:00,2024-08-12 22:51:00,2024-08-08 22:51:00
O00010,C00390,delivered,2024-11-26 05:20:00,2024-11-26 17:20:00,2024-11-27 17:20:00,2024-12-05 17:20:00,2024-11-30 17:20:00
O00011,C00476,delivered,2024-03-28 22:22:00,2024-03-29 07:22:00,2024-03-30 07:22:00,2024-04-04 07:22:00,2024-04-02 07:22:00
O00012,C00713,delivered,2024-04-09 05:28:00,2024-04-10 03:28:00,2024-04-11 03:28:00,2024-04-13 03:28:00,2024-04-19 03:28:00
O00013,C00423,delivered,2024-12-25 13:04:00,2024-12-26 08:04:00,2024-12-27 08:04:00,2024-12-28 08:04:00,2025-01-05 08:04:00
O00014,C00428,delivered,2024-05-31 12:56:00,2024-06-01 06:56:00,2024-06-04 06:56:00,2024-06-12 06:56:00,2024-06-08 06:56:00
O00015,C00080,delivered,2024-05-10 15:10:00,2024-05-11 04:10:00,2024-05-14 04:10:00,2024-05-15 04:10:00,2024-05-23 04:10:00
O00016,C00529,shipped,2024-05-29 18:38:00,2024-05-30 13:38:00,2024-06-02 13:38:00,,2024-06-04 13:38:00
O00017,C00459,delivered,2024-11-04 05:17:00,2024-11-04 11:17:00,2024-11-05 11:17:00,2024-11-09 11:17:00,2024-11-11 11:17:00
O00018,C00433,canceled,2024-09-14 03:55:00,2024-09-14 06:55:00,2024-09-17 06:55:00,,2024-09-21 06:55:00
O00019,C00642,delivered,2024-12-09 05:33:00,2024-12-09 10:33:00,2024-12-12 10:33:00,2024-12-17 10:33:00,2024-12-18 10:33:00
O00020,C00068,delivered,2024-10-20 06:15:00,2024-10-20 09:15:00,2024-10-22 09:15:00,2024-10-29 09:15:00,2024-11-01 09:15:00
O00021,C00282,delivered,2024-07-10 19:20:00,2024-07-11 12:20:00,2024-07-13 12:20:00,2024-07-14 12:20:00,2024-07-23 12:20:00
O00022,C00115,shipped,2024-10-03 09:47:00,2024-10-03 23:47:00,2024-10-04 23:47:00,,2024-10-08 23:47:00
O00023,C00576,delivered,2024-06-09 08:32:00,2024-06-09 12:32:00,2024-06-11 12:32:00,2024-06-17 12:32:00,2024-06-19 12:32:00
O00024,C00670,delivered,2024-11-09 21:59:00,2024-11-10 13:59:00,2024-11-13 13:59:00,2024-11-21 13:59:00,2024-11-14 13:59:00
O00025,C00412,delivered,2024-01-22 22:23:00,2024-01-23 03:23:00,2024-01-26 03:23:00,2024-02-02 03:23:00,2024-01-27 03:23:00
O00026,C00339,shipped,2024-09-09 15:17:00,2024-09-10 14:17:00,2024-09-11 14:17:00,,2024-09-21 14:17:00
O00027,C00381,delivered,2024-08-23 22:52:00,2024-08-23 23:52:00,2024-08-25 23:52:00,2024-08-30 23:52:00,2024-08-31 23:52:00
O00028,C00503,delivered,2024-12-10 14:32:00,2024-12-11 13:32:00,2024-12-14 13:32:00,2024-12-16 13:32:00,2024-12-18 13:32:00
O00029,C00453,delivered,2024-02-18 20:52:00,2024-02-19 07:52:00,2024-02-21 07:52:00,2024-02-28 07:52:00,2024-02-24 07:52:00
O00030,C00216,delivered,2024-02-28 04:29:00,2024-02-28 18:29:00,2024-03-02 18:29:00,2024-03-10 18:29:00,2024-03-11 18:29:00
O00031,C00057,delivered,2024-06-18 13:17:00,2024-06-19 06:17:00,2024-06-20 06:17:00,2024-06-22 06:17:00,2024-06-27 06:17:00
O00032,C00413,delivered,2024-07-06 21:54:00,2024-07-07 02:54:00,2024-07-10 02:54:00,2024-07-11 02:54:00,2024-07-13 02:54:00
O00033,C00205,delivered,2024-09-27 12:04:00,2024-09-27 14:04:00,2024-09-28 14:04:00,2024-09-29 14:04:00,2024-10-08 14:04:00
O00034,C00369,delivered,2024-07-08 19:48:00,2024-07-09 18:48:00,2024-07-10 18:48:00,2024-07-15 18:48:00,2024-07-18 18:48:00
O00035,C00517,delivered,2024-06-23 00:04:00,2024-06-23 13:04:00,2024-06-26 13:04:00,2024-06-28 13:04:00,2024-06-27 13:04:00
O00036,C00500,delivered,2024-02-20 14:10:00,2024-02-21 10:10:00,2024-02-23 10:10:00,2024-02-26 10:10:00,2024-03-03 10:10:00
O00037,C00358,delivered,2024-12-29 23:22:00,2024-12-30 11:22:00,2024-12-31 11:22:00,2025-01-05 11:22:00,2025-01-04 11:22:00
O00038,C00395,delivered,2024-02-24 01:17:00,2024-02-24 03:17:00,2024-02-25 03:17:00,2024-02-29 03:17:00,2024-03-02 03:17:00
O00039,C00693,delivered,2024-08-31 23:53:00,2024-09-01 06:53:00,2024-09-03 06:53:00,2024-09-10 06:53:00,2024-09-13 06:53:00
O00040,C00698,delivered,2024-11-15 09:33:00,2024-11-15 10:33:00,2024-11-17 10:33:00,2024-11-20 10:33:00,2024-11-21 10:33:00
O00041,C00008,delivered,2024-05-10 02:11:00,2024-05-10 10:11:00,2024-05-12 10:11:00,2024-05-17 10:11:00,2024-05-18 10:11:00
O00042,C00385,delivered,2024-11-02 10:00:00,2024-11-02 22:00:00,2024-11-04 22:00:00,2024-11-09 22:00:00,2024-11-09 22:00:00
O00043,C00693,delivered,2024-05-14 17:45:00,2024-05-15 10:45:00,2024-05-18 10:45:00,2024-05-25 10:45:00,2024-05-20 10:45:00
O00044,C00678,delivered,2024-01-21 01:28:00,2024-01-21 13:28:00,2024-01-24 13:28:00,2024-01-29 13:28:00,2024-01-29 13:28:00
O00045,C00493,delivered,2024-11-24 06:41:00,2024-11-24 09:41:00,2024-11-26 09:41:00,2024-12-01 09:41:00,2024-12-03 09:41:00
O00046,C00267,delivered,2024-06-15 04:55:00,2024-06-16 01:55:00,2024-06-19 01:55:00,2024-06-24 01:55:00,2024-06-23 01:55:00
O00047,C00246,delivered,2024-09-30 21:58:00,2024-09-30 23:58:00,2024-10-03 23:58:00,2024-10-10 23:58:00,2024-10-09 23:58:00
O00048,C00738,delivered,2024-03-29 10:15:00,2024-03-29 11:15:00,2024-04-01 11:15:00,2024-04-09 11:15:00,2024-04-06 11:15:00
O00049,C00428,delivered,2024-11-11 13:19:00,2024-11-12 02:19:00,2024-11-14 02:19:00,2024-11-15 02:19:00,2024-11-19 02:19:00
O00050,C00730,delivered,2024-01-14 07:01:00,2024-01-14 15:01:00,2024-01-17 15:01:00,2024-01-25 15:01:00,2024-01-23 15:01:00
O00051,C00174,delivered,2024-08-29 17:26:00,2024-08-30 15:26:00,2024-09-02 15:26:00,2024-09-05 15:26:00,2024-09-07 15:26:00
O00052,C00131,delivered,2024-09-21 09:34:00,2024-09-22 09:34:00,2024-09-24 09:34:00,2024-09-27 09:34:00,2024-10-01 09:34:00
O00053,C00227,delivered,2024-12-11 02:22:00,2024-12-11 14:22:00,2024-12-12 14:22:00,2024-12-17 14:22:00,2024-12-21 14:22:00
O00054,C00339,delivered,2024-02-22 16:32:00,2024-02-23 04:32:00,2024-02-25 04:32:00,2024-03-01 04:32:00,2024-03-05 04:32:00
O00055,C00481,delivered,2024-12-05 11:04:00,2024-12-05 13:04:00,2024-12-08 13:04:00,2024-12-10 13:04:00,2024-12-16 13:04:00
O00056,C00512,delivered,2024-04-01 02:24:00,2024-04-01 06:24:00,2024-04-04 06:24:00,2024-04-11 06:24:00,2024-04-13 06:24:00
O00057,C00055,delivered,2024-09-20 20:48:00,2024-09-21 01:48:00,2024-09-22 01:48:00,2024-09-26 01:48:00,2024-09-30 01:48:00
O00058,C00583,delivered,2024-02-04 16:46:00,2024-02-05 07:46:00,2024-02-06 07:46:00,2024-02-12 07:46:00,2024-02-11 07:46:00
O00059,C00499,delivered,2024-07-24 08:22:00,2024-07-24 19:22:00,2024-07-27 19:22:00,2024-07-30 19:22:00,2024-08-02 19:22:00
O00060,C00004,delivered,2024-03-21 13:40:00,2024-03-22 04:40:00,2024-03-24 04:40:00,2024-03-28 04:40:00,2024-03-28 04:40:00
O00061,C00162,delivered,2024-02-19 01:43:00,2024-02-19 17:43:00,2024-02-20 17:43:00,2024-02-23 17:43:00,2024-02-29 17:43:00
O00062,C00413,delivered,2024-12-25 17:42:00,2024-12-26 07:42:00,2024-12-28 07:42:00,2025-01-04 07:42:00,2024-12-30 07:42:00
O00063,C00204,delivered,2024-01-02 03:17:00,2024-01-03 03:17:00,2024-01-05 03:17:00,2024-01-06 03:17:00,2024-01-12 03:17:00
O00064,C00543,delivered,2024-02-23 09:38:00,2024-02-23 16:38:00,2024-02-24 16:38:00,2024-02-25 16:38:00,2024-03-01 16:38:00
O00065,C00352,delivered,2024-04-15 06:30:00,2024-04-15 16:30:00,2024-04-16 16:30:00,2024-04-18 16:30:00,2024-04-25 16:30:00
O00066,C00313,shipped,2024-09-16 20:02:00,2024-09-17 02:02:00,2024-09-18 02:02:00,,2024-09-25 02:02:00
O00067,C00466,delivered,2024-11-05 09:13:00,2024-11-06 09:13:00,2024-11-09 09:13:00,2024-11-15 09:13:00,2024-11-16 09:13:00
O00068,C00137,delivered,2024-07-09 17:18:00,2024-07-10 04:18:00,2024-07-12 04:18:00,2024-07-18 04:18:00,2024-07-17 04:18:00
O00069,C00413,delivered,2024-08-05 21:52:00,2024-08-05 22:52:00,2024-08-06 22:52:00,2024-08-10 22:52:00,2024-08-11 22:52:00
O00070,C00022,delivered,2024-02-13 07:57:00,2024-02-14 02:57:00,2024-02-17 02:57:00,2024-02-20 02:57:00,2024-02-19 02:57:00
O00071,C00666,delivered,2024-06-10 20:54:00,2024-06-10 22:54:00,2024-06-12 22:54:00,2024-06-17 22:54:00,2024-06-22 22:54:00
O00072,C00608,delivered,2024-07-20 15:22:00,2024-07-20 17:22:00,2024-07-23 17:22:00,2024-07-25 17:22:00,2024-07-24 17:22:00
O00073,C00118,delivered,2024-09-26 06:59:00,2024-09-26 20:59:00,2024-09-28 20:59:00,2024-10-05 20:59:00,2024-10-01 20:59:00
O00074,C00485,delivered,2024-12-16 02:36:00,2024-12-17 01:36:00,2024-12-18 01:36:00,2024-12-22 01:36:00,2024-12-21 01:36:00
O00075,C00677,delivered,2024-10-30 09:09:00,2024-10-30 13:09:00,2024-11-02 13:09:00,2024-11-07 13:09:00,2024-11-05 13:09:00
O00076,C00107,delivered,2024-09-27 18:40:00,2024-09-28 11:40:00,2024-10-01 11:40:00,2024-10-03 11:40:00,2024-10-06 11:40:00
O00077,C00108,delivered,2024-08-02 17:00:00,2024-08-03 09:00:00,2024-08-04 09:00:00,2024-08-08 09:00:00,2024-08-11 09:00:00
O00078,C00206,delivered,2024-09-08 16:36:00,2024-09-09 04:36:00,2024-09-12 04:36:00,2024-09-19 04:36:00,2024-09-17 04:36:00
O00079,C00561,delivered,2024-07-08 23:54:00,2024-07-09 15:54:00,2024-07-10 15:54:00,2024-07-18 15:54:00,2024-07-18 15:54:00
O00080,C00013,delivered,2024-10-22 15:50:00,2024-10-23 13:50:00,2024-10-24 13:50:00,2024-10-26 13:50:00,2024-11-03 13:50:00
O00081,C00092,delivered,2024-07-31 04:48:00,2024-07-31 21:48:00,2024-08-01 21:48:00,2024-08-03 21:48:00,2024-08-08 21:48:00
O00082,C00467,delivered,2024-07-26 21:17:00,2024-07-27 07:17:00,2024-07-29 07:17:00,2024-08-06 07:17:00,2024-07-31 07:17:00
O00083,C00178,delivered,2024-08-24 03:15:00,2024-08-24 05:15:00,2024-08-26 05:15:00,2024-09-01 05:15:00,2024-09-02 05:15:00
O00084,C00118,delivered,2024-12-03 09:57:00,2024-12-03 13:57:00,2024-12-04 13:57:00,2024-12-05 13:57:00,2024-12-09 13:57:00
O00085,C00174,delivered,2024-02-22 08:36:00,2024-02-22 19:36:00,2024-02-24 19:36:00,2024-03-03 19:36:00,2024-03-01 19:36:00
O00086,C00095,delivered,2024-10-06 14:24:00,2024-10-07 02:24:00,2024-10-09 02:24:00,2024-10-12 02:24:00,2024-10-12 02:24:00
O00087,C00467,delivered,2024-08-04 19:01:00,2024-08-05 04:01:00,2024-08-07 04:01:00,2024-08-15 04:01:00,2024-08-15 04:01:00
O00088,C00170,delivered,2024-09-08 13:25:00,2024-09-08 17:25:00,2024-09-09 17:25:00,2024-09-10 17:25:00,2024-09-14 17:25:00
O00089,C00604,delivered,2024-07-06 19:42:00,2024-07-07 11:42:00,2024-07-10 11:42:00,2024-07-18 11:42:00,2024-07-13 11:42:00
O00090,C00367,shipped,2024-02-10 13:34:00,2024-02-11 09:34:00,2024-02-12 09:34:00,,2024-02-22 09:34:00
O00091,C00115,delivered,2024-06-05 03:47:00,2024-06-05 17:47:00,2024-06-07 17:47:00,2024-06-08 17:47:00,2024-06-10 17:47:00
O00092,C00321,delivered,2024-01-15 03:35:00,2024-01-15 04:35:00,2024-01-18 04:35:00,2024-01-22 04:35:00,2024-01-24 04:35:00
O00093,C00704,delivered,2024-10-27 15:47:00,2024-10-28 14:47:00,2024-10-31 14:47:00,2024-11-02 14:47:00,2024-11-07 14:47:00
O00094,C00254,delivered,2024-03-05 00:14:00,2024-03-05 16:14:00,2024-03-07 16:14:00,2024-03-14 16:14:00,2024-03-11 16:14:00
O00095,C00571,delivered,2024-12-10 19:40:00,2024-12-11 15:40:00,2024-12-12 15:40:00,2024-12-13 15:40:00,2024-12-17 15:40:00
O00096,C00480,delivered,2024-11-22 21:24:00,2024-11-23 13:24:00,2024-11-24 13:24:00,2024-11-26 13:24:00,2024-12-04 13:24:00
O00097,C00338,delivered,2024-01-09 19:40:00,2024-01-10 04:40:00,2024-01-11 04:40:00,2024-01-15 04:40:00,2024-01-22 04:40:00
O00098,C00412,delivered,2024-12-09 00:46:00,2024-12-09 08:46:00,2024-12-10 08:46:00,2024-12-18 08:46:00,2024-12-20 08:46:00
O00099,C00458,delivered,2024-05-08 05:23:00,2024-05-08 08:23:00,2024-05-10 08:23:00,2024-05-18 08:23:00,2024-05-17 08:23:00
O00100,C00509,delivered,2024-05-15 14:03:00,2024-05-16 14:03:00,2024-05-19 14:03:00,2024-05-20 14:03:00,2024-05-21 14:03:00
O00101,C00036,delivered,2024-03-03 02:09:00,2024-03-03 20:09:00,2024-03-06 20:09:00,2024-03-07 20:09:00,2024-03-08 20:09:00
O00102,C00633,shipped,2024-05-18 23:54:00,2024-05-19 20:54:00,2024-05-21 20:54:00,,2024-05-30 20:54:00
O00103,C00372,delivered,2024-03-21 01:34:00,2024-03-21 03:34:00,2024-03-22 03:34:00,2024-03-30 03:34:00,2024-03-30 03:34:00
O00104,C00634,delivered,2024-06-11 10:26:00,2024-06-12 06:26:00,2024-06-14 06:26:00,2024-06-20 06:26:00,2024-06-23 06:26:00
O00105,C00674,delivered,2024-10-15 12:34:00,2024-10-15 20:34:00,2024-10-16 20:34:00,2024-10-22 20:34:00,2024-10-24 20:34:00
O00106,C00298,delivered,2024-09-17 21:55:00,2024-09-18 15:55:00,2024-09-21 15:55:00,2024-09-27 15:55:00,2024-09-23 15:55:00
O00107,C00168,delivered,2024-08-18 13:13:00,2024-08-19 05:13:00,2024-08-20 05:13:00,2024-08-27 05:13:00,2024-08-24 05:13:00
O00108,C00200,delivered,2024-02-10 21:46:00,2024-02-11 04:46:00,2024-02-12 04:46:00,2024-02-19 04:46:00,2024-02-18 04:46:00
O00109,C00195,delivered,2024-01-28 01:08:00,2024-01-29 00:08:00,2024-01-31 00:08:00,2024-02-02 00:08:00,2024-02-08 00:08:00
O00110,C00648,delivered,2024-05-14 00:10:00,2024-05-14 22:10:00,2024-05-17 22:10:00,2024-05-19 22:10:00,2024-05-25 22:10:00
O00111,C00603,delivered,2024-07-19 21:17:00,2024-07-20 14:17:00,2024-07-21 14:17:00,2024-07-29 14:17:00,2024-07-24 14:17:00
O00112,C00049,delivered,2024-11-23 14:31:00,2024-11-24 08:31:00,2024-11-26 08:31:00,2024-12-04 08:31:00,2024-12-06 08:31:00
O00113,C00181,delivered,2024-09-24 09:09:00,2024-09-25 08:09:00,2024-09-28 08:09:00,2024-10-01 08:09:00,2024-10-01 08:09:00
O00114,C00673,delivered,2024-02-02 19:17:00,2024-02-03 15:17:00,2024-02-06 15:17:00,2024-02-12 15:17:00,2024-02-15 15:17:00
O00115,C00428,delivered,2024-02-17 11:51:00,2024-02-18 07:51:00,2024-02-21 07:51:00,2024-02-25 07:51:00,2024-02-26 07:51:00
O00116,C00351,delivered,2024-03-02 00:22:00,2024-03-02 10:22:00,2024-03-04 10:22:00,2024-03-07 10:22:00,2024-03-08 10:22:00
O00117,C00716,delivered,2024-08-03 13:34:00,2024-08-04 13:34:00,2024-08-07 13:34:00,2024-08-12 13:34:00,2024-08-16 13:34:00
O00118,C00728,delivered,2024-10-19 05:45:00,2024-10-20 05:45:00,2024-10-23 05:45:00,2024-10-27 05:45:00,2024-10-27 05:45:00
O00119,C00731,canceled,2024-04-08 05:01:00,2024-04-08 15:01:00,2024-04-11 15:01:00,,2024-04-14 15:01:00
O00120,C00665,delivered,2024-06-20 06:02:00,2024-06-20 12:02:00,2024-06-23 12:02:00,2024-06-29 12:02:00,2024-06-25 12:02:00
O00121,C00575,delivered,2024-12-25 06:35:00,2024-12-25 22:35:00,2024-12-28 22:35:00,2025-01-04 22:35:00,2025-01-06 22:35:00
O00122,C00432,delivered,2024-08-01 03:37:00,2024-08-01 04:37:00,2024-08-04 04:37:00,2024-08-06 04:37:00,2024-08-05 04:37:00
O00123,C00054,delivered,2024-02-04 02:20:00,2024-02-05 00:20:00,2024-02-06 00:20:00,2024-02-10 00:20:00,2024-02-13 00:20:00
O00124,C00164,delivered,2024-08-14 15:57:00,2024-08-15 01:57:00,2024-08-18 01:57:00,2024-08-23 01:57:00,2024-08-21 01:57:00
O00125,C00707,delivered,2024-04-10 20:33:00,2024-04-11 06:33:00,2024-04-12 06:33:00,2024-04-13 06:33:00,2024-04-20 06:33:00
O00126,C00104,delivered,2024-05-10 16:24:00,2024-05-11 12:24:00,2024-05-14 12:24:00,2024-05-18 12:24:00,2024-05-23 12:24:00
O00127,C00523,delivered,2024-09-13 16:32:00,2024-09-14 15:32:00,2024-09-16 15:32:00,2024-09-17 15:32:00,2024-09-24 15:32:00
O00128,C00701,delivered,2024-01-05 13:47:00,2024-01-06 00:47:00,2024-01-09 00:47:00,2024-01-10 00:47:00,2024-01-10 00:47:00
O00129,C00207,delivered,2024-08-05 11:22:00,2024-08-06 07:22:00,2024-08-08 07:22:00,2024-08-12 07:22:00,2024-08-15 07:22:00
O00130,C00559,delivered,2024-09-11 16:43:00,2024-09-12 16:43:00,2024-09-15 16:43:00,2024-09-19 16:43:00,2024-09-19 16:43:00
O00131,C00181,delivered,2024-12-24 05:55:00,2024-12-25 03:55:00,2024-12-26 03:55:00,2024-12-29 03:55:00,2024-12-31 03:55:00
O00132,C00122,delivered,2024-10-09 16:47:00,2024-10-10 05:47:00,2024-10-11 05:47:00,2024-10-18 05:47:00,2024-10-18 05:47:00
O00133,C00133,delivered,2024-07-25 22:27:00,2024-07-26 04:27:00,2024-07-29 04:27:00,2024-08-03 04:27:00,2024-07-30 04:27:00
O00134,C00726,delivered,2024-01-15 19:16:00,2024-01-16 00:16:00,2024-01-17 00:16:00,2024-01-20 00:16:00,2024-01-25 00:16:00
O00135,C00640,delivered,2024-12-11 14:47:00,2024-12-12 10:47:00,2024-12-15 10:47:00,2024-12-20 10:47:00,2024-12-23 10:47:00
O00136,C00563,delivered,2024-02-11 02:06:00,2024-02-11 14:06:00,2024-02-12 14:06:00,2024-02-18 14:06:00,2024-02-23 14:06:00
O00137,C00188,delivered,2024-06-27 18:49:00,2024-06-28 11:49:00,2024-06-29 11:49:00,2024-07-02 11:49:00,2024-07-08 11:49:00
O00138,C00413,delivered,2024-03-03 16:48:00,2024-03-03 19:48:00,2024-03-05 19:48:00,2024-03-09 19:48:00,2024-03-10 19:48:00
O00139,C00339,delivered,2024-12-17 10:03:00,2024-12-17 22:03:00,2024-12-19 22:03:00,2024-12-23 22:03:00,2024-12-29 22:03:00
O00140,C00574,delivered,2024-08-18 23:21:00,2024-08-19 20:21:00,2024-08-20 20:21:00,2024-08-22 20:21:00,2024-08-28 20:21:00
O00141,C00657,delivered,2024-08-28 16:53:00,2024-08-29 12:53:00,2024-09-01 12:53:00,2024-09-05 12:53:00,2024-09-02 12:53:00
O00142,C00328,delivered,2024-02-21 00:50:00,2024-02-21 13:50:00,2024-02-22 13:50:00,2024-02-29 13:50:00,2024-02-29 13:50:00
O00143,C00289,delivered,2024-04-05 17:32:00,2024-04-05 18:32:00,2024-04-08 18:32:00,2024-04-14 18:32:00,2024-04-17 18:32:00
O00144,C00456,delivered,2024-08-09 21:59:00,2024-08-10 13:59:00,2024-08-11 13:59:00,2024-08-16 13:59:00,2024-08-17 13:59:00
O00145,C00084,delivered,2024-08-18 22:00:00,2024-08-19 02:00:00,2024-08-20 02:00:00,2024-08-21 02:00:00,2024-08-24 02:00:00
O00146,C00644,delivered,2024-08-24 12:58:00,2024-08-24 19:58:00,2024-08-27 19:58:00,2024-09-03 19:58:00,2024-08-29 19:58:00
O00147,C00719,delivered,2024-05-22 23:50:00,2024-05-23 23:50:00,2024-05-25 23:50:00,2024-05-27 23:50:00,2024-05-29 23:50:00
O00148,C00734,delivered,2024-06-19 13:33:00,2024-06-20 00:33:00,2024-06-21 00:33:00,2024-06-23 00:33:00,2024-06-25 00:33:00
O00149,C00257,delivered,2024-01-29 23:48:00,2024-01-30 17:48:00,2024-01-31 17:48:00,2024-02-04 17:48:00,2024-02-07 17:48:00
O00150,C00461,delivered,2024-02-05 22:49:00,2024-02-06 19:49:00,2024-02-08 19:49:00,2024-02-15 19:49:00,2024-02-15 19:49:00
O00151,C00689,delivered,2024-01-13 06:59:00,2024-01-13 10:59:00,2024-01-16 10:59:00,2024-01-17 10:59:00,2024-01-18 10:59:00
O00152,C00599,shipped,2024-06-08 20:05:00,2024-06-08 22:05:00,2024-06-11 22:05:00,,2024-06-17 22:05:00
O00153,C00108,delivered,2024-11-22 16:22:00,2024-11-23 02:22:00,2024-11-26 02:22:00,2024-12-01 02:22:00,2024-11-28 02:22:00
O00154,C00448,delivered,2024-07-05 13:44:00,2024-07-06 02:44:00,2024-07-08 02:44:00,2024-07-09 02:44:00,2024-07-17 02:44:00
O00155,C00225,delivered,2024-08-30 17:04:00,2024-08-30 22:04:00,2024-09-02 22:04:00,2024-09-09 22:04:00,2024-09-11 22:04:00
O00156,C00649,delivered,2024-03-26 09:26:00,2024-03-26 14:26:00,2024-03-28 14:26:00,2024-04-03 14:26:00,2024-03-30 14:26:00
O00157,C00568,delivered,2024-10-10 06:10:00,2024-10-10 11:10:00,2024-10-11 11:10:00,2024-10-12 11:10:00,2024-10-14 11:10:00
O00158,C00403,delivered,2024-03-06 15:35:00,2024-03-07 09:35:00,2024-03-10 09:35:00,2024-03-12 09:35:00,2024-03-15 09:35:00
O00159,C00743,delivered,2024-06-18 11:00:00,2024-06-18 23:00:00,2024-06-19 23:00:00,2024-06-26 23:00:00,2024-06-30 23:00:00
O00160,C00188,delivered,2024-02-14 16:08:00,2024-02-15 00:08:00,2024-02-18 00:08:00,2024-02-23 00:08:00,2024-02-22 00:08:00
O00161,C00687,delivered,2024-03-02 22:12:00,2024-03-03 17:12:00,2024-03-04 17:12:00,2024-03-12 17:12:00,2024-03-15 17:12:00
O00162,C00687,delivered,2024-05-13 19:20:00,2024-05-13 22:20:00,2024-05-15 22:20:00,2024-05-17 22:20:00,2024-05-20 22:20:00
O00163,C00498,delivered,2024-10-10 03:21:00,2024-10-10 14:21:00,2024-10-12 14:21:00,2024-10-15 14:21:00,2024-10-17 14:21:00
O00164,C00634,delivered,2024-01-28 05:12:00,2024-01-28 08:12:00,2024-01-29 08:12:00,2024-02-04 08:12:00,2024-02-08 08:12:00
O00165,C00631,delivered,2024-04-17 01:56:00,2024-04-17 23:56:00,2024-04-19 23:56:00,2024-04-22 23:56:00,2024-04-26 23:56:00
O00166,C00438,delivered,2024-02-13 15:36:00,2024-02-13 21:36:00,2024-02-14 21:36:00,2024-02-20 21:36:00,2024-02-20 21:36:00
O00167,C00729,delivered,2024-12-05 09:34:00,2024-12-06 09:34:00,2024-12-09 09:34:00,2024-12-16 09:34:00,2024-12-14 09:34:00
O00168,C00137,delivered,2024-10-12 04:03:00,2024-10-13 02:03:00,2024-10-16 02:03:00,2024-10-22 02:03:00,2024-10-24 02:03:00
O00169,C00367,delivered,2024-11-26 08:56:00,2024-11-26 18:56:00,2024-11-28 18:56:00,2024-11-30 18:56:00,2024-12-02 18:56:00
O00170,C00083,delivered,2024-05-07 01:14:00,2024-05-07 10:14:00,2024-05-08 10:14:00,2024-05-12 10:14:00,2024-05-15 10:14:00
O00171,C00641,delivered,2024-12-13 06:25:00,2024-12-13 09:25:00,2024-12-16 09:25:00,2024-12-18 09:25:00,2024-12-17 09:25:00
O00172,C00646,delivered,2024-08-18 20:33:00,2024-08-18 21:33:00,2024-08-21 21:33:00,2024-08-28 21:33:00,2024-08-25 21:33:00
O00173,C00564,delivered,2024-07-08 07:54:00,2024-07-08 16:54:00,2024-07-11 16:54:00,2024-07-19 16:54:00,2024-07-14 16:54:00
O00174,C00228,delivered,2024-08-12 06:57:00,2024-08-13 01:57:00,2024-08-16 01:57:00,2024-08-21 01:57:00,2024-08-19 01:57:00
O00175,C00522,delivered,2024-10-09 05:46:00,2024-10-09 08:46:00,2024-10-11 08:46:00,2024-10-17 08:46:00,2024-10-21 08:46:00
O00176,C00244,delivered,2024-04-30 10:39:00,2024-05-01 06:39:00,2024-05-04 06:39:00,2024-05-07 06:39:00,2024-05-13 06:39:00
O00177,C00163,shipped,2024-04-25 15:38:00,2024-04-25 21:38:00,2024-04-28 21:38:00,,2024-05-06 21:38:00
O00178,C00041,delivered,2024-08-20 15:54:00,2024-08-20 23:54:00,2024-08-22 23:54:00,2024-08-26 23:54:00,2024-08-25 23:54:00
O00179,C00239,delivered,2024-09-15 14:35:00,2024-09-15 16:35:00,2024-09-18 16:35:00,2024-09-22 16:35:00,2024-09-27 16:35:00
O00180,C00369,delivered,2024-12-24 12:42:00,2024-12-25 01:42:00,2024-12-27 01:42:00,2025-01-04 01:42:00,2024-12-29 01:42:00
O00181,C00664,delivered,2024-07-16 20:02:00,2024-07-17 07:02:00,2024-07-18 07:02:00,2024-07-23 07:02:00,2024-07-25 07:02:00
O00182,C00583,delivered,2024-05-16 20:05:00,2024-05-17 02:05:00,2024-05-19 02:05:00,2024-05-26 02:05:00,2024-05-26 02:05:00
O00183,C00079,delivered,2024-11-13 11:03:00,2024-11-14 04:03:00,2024-11-16 04:03:00,2024-11-23 04:03:00,2024-11-21 04:03:00
O00184,C00361,delivered,2024-06-13 00:24:00,2024-06-13 12:24:00,2024-06-15 12:24:00,2024-06-23 12:24:00,2024-06-17 12:24:00
O00185,C00142,delivered,2024-08-12 20:03:00,2024-08-13 11:03:00,2024-08-14 11:03:00,2024-08-18 11:03:00,2024-08-18 11:03:00
O00186,C00287,delivered,2024-11-02 11:49:00,2024-11-02 18:49:00,2024-11-03 18:49:00,2024-11-06 18:49:00,2024-11-08 18:49:00
O00187,C00734,delivered,2024-08-21 19:44:00,2024-08-21 23:44:00,2024-08-24 23:44:00,2024-08-28 23:44:00,2024-08-31 23:44:00
O00188,C00737,delivered,2024-06-20 02:56:00,2024-06-20 06:56:00,2024-06-22 06:56:00,2024-06-30 06:56:00,2024-07-01 06:56:00
O00189,C00165,delivered,2024-05-31 04:44:00,2024-06-01 01:44:00,2024-06-03 01:44:00,2024-06-04 01:44:00,2024-06-08 01:44:00
O00190,C00587,delivered,2024-11-10 01:02:00,2024-11-10 20:02:00,2024-11-11 20:02:00,2024-11-14 20:02:00,2024-11-22 20:02:00
O00191,C00586,shipped,2024-06-08 16:42:00,2024-06-08 21:42:00,2024-06-09 21:42:00,,2024-06-16 21:42:00
O00192,C00529,shipped,2024-04-05 11:01:00,2024-04-06 00:01:00,2024-04-09 00:01:00,,2024-04-14 00:01:00
O00193,C00221,delivered,2024-08-20 11:05:00,2024-08-21 02:05:00,2024-08-24 02:05:00,2024-09-01 02:05:00,2024-09-01 02:05:00
O00194,C00420,delivered,2024-06-28 02:35:00,2024-06-28 22:35:00,2024-06-29 22:35:00,2024-07-02 22:35:00,2024-07-10 22:35:00
O00195,C00741,delivered,2024-04-22 17:52:00,2024-04-23 15:52:00,2024-04-25 15:52:00,2024-05-03 15:52:00,2024-04-28 15:52:00
O00196,C00394,delivered,2024-11-13 16:06:00,2024-11-13 21:06:00,2024-11-14 21:06:00,2024-11-15 21:06:00,2024-11-20 21:06:00
O00197,C00516,delivered,2024-02-21 14:08:00,2024-02-22 12:08:00,2024-02-24 12:08:00,2024-02-27 12:08:00,2024-02-27 12:08:00
O00198,C00629,delivered,2024-09-24 18:27:00,2024-09-25 14:27:00,2024-09-26 14:27:00,2024-09-28 14:27:00,2024-09-30 14:27:00
O00199,C00133,delivered,2024-10-21 23:04:00,2024-10-22 19:04:00,2024-10-25 19:04:00,2024-10-26 19:04:00,2024-11-01 19:04:00
O00200,C00379,shipped,2024-04-22 11:28:00,2024-04-22 13:28:00,2024-04-25 13:28:00,,2024-04-29 13:28:00
O00201,C00493,delivered,2024-04-10 02:27:00,2024-04-10 15:27:00,2024-04-12 15:27:00,2024-04-14 15:27:00,2024-04-20 15:27:00
O00202,C00488,delivered,2024-04-22 05:41:00,2024-04-22 13:41:00,2024-04-23 13:41:00,2024-04-28 13:41:00,2024-05-04 13:41:00
O00203,C00193,delivered,2024-03-21 07:55:00,2024-03-21 08:55:00,2024-03-24 08:55:00,2024-03-25 08:55:00,2024-04-02 08:55:00
O00204,C00007,delivered,2024-07-05 18:06:00,2024-07-06 07:06:00,2024-07-09 07:06:00,2024-07-13 07:06:00,2024-07-15 07:06:00
O00205,C00109,delivered,2024-04-22 23:03:00,2024-04-23 04:03:00,2024-04-25 04:03:00,2024-04-30 04:03:00,2024-05-01 04:03:00
O00206,C00433,delivered,2024-01-02 09:20:00,2024-01-03 04:20:00,2024-01-05 04:20:00,2024-01-10 04:20:00,2024-01-13 04:20:00
O00207,C00423,delivered,2024-05-09 05:26:00,2024-05-09 23:26:00,2024-05-12 23:26:00,2024-05-20 23:26:00,2024-05-15 23:26:00
O00208,C00568,delivered,2024-08-07 19:24:00,2024-08-08 11:24:00,2024-08-10 11:24:00,2024-08-15 11:24:00,2024-08-17 11:24:00
O00209,C00407,delivered,2024-02-23 16:29:00,2024-02-24 16:29:00,2024-02-25 16:29:00,2024-02-27 16:29:00,2024-03-02 16:29:00
O00210,C00716,delivered,2024-12-08 03:34:00,2024-12-08 09:34:00,2024-12-09 09:34:00,2024-12-13 09:34:00,2024-12-20 09:34:00
O00211,C00346,delivered,2024-08-11 07:14:00,2024-08-12 01:14:00,2024-08-15 01:14:00,2024-08-16 01:14:00,2024-08-18 01:14:00
O00212,C00651,shipped,2024-08-12 15:51:00,2024-08-12 16:51:00,2024-08-13 16:51:00,,2024-08-23 16:51:00
O00213,C00445,delivered,2024-05-05 12:02:00,2024-05-05 15:02:00,2024-05-06 15:02:00,2024-05-11 15:02:00,2024-05-12 15:02:00
O00214,C00623,delivered,2024-05-09 22:21:00,2024-05-10 00:21:00,2024-05-13 00:21:00,2024-05-20 00:21:00,2024-05-20 00:21:00
O00215,C00533,delivered,2024-02-22 00:31:00,2024-02-22 10:31:00,2024-02-25 10:31:00,2024-02-26 10:31:00,2024-02-28 10:31:00
O00216,C00449,delivered,2024-06-20 11:09:00,2024-06-20 12:09:00,2024-06-21 12:09:00,2024-06-26 12:09:00,2024-06-27 12:09:00
O00217,C00613,delivered,2024-08-05 04:44:00,2024-08-05 21:44:00,2024-08-08 21:44:00,2024-08-12 21:44:00,2024-08-11 21:44:00
O00218,C00368,delivered,2024-06-08 22:08:00,2024-06-09 06:08:00,2024-06-12 06:08:00,2024-06-13 06:08:00,2024-06-15 06:08:00
O00219,C00282,delivered,2024-07-16 07:08:00,2024-07-16 20:08:00,2024-07-18 20:08:00,2024-07-25 20:08:00,2024-07-26 20:08:00
O00220,C00530,delivered,2024-09-03 04:45:00,2024-09-03 05:45:00,2024-09-06 05:45:00,2024-09-08 05:45:00,2024-09-08 05:45:00
O00221,C00743,shipped,2024-11-19 19:27:00,2024-11-20 13:27:00,2024-11-23 13:27:00,,2024-11-29 13:27:00
O00222,C00283,shipped,2024-07-21 17:22:00,2024-07-22 01:22:00,2024-07-25 01:22:00,,2024-08-02 01:22:00
O00223,C00588,delivered,2024-07-02 00:17:00,2024-07-02 01:17:00,2024-07-04 01:17:00,2024-07-07 01:17:00,2024-07-12 01:17:00
O00224,C00572,shipped,2024-05-02 12:48:00,2024-05-02 15:48:00,2024-05-05 15:48:00,,2024-05-11 15:48:00
O00225,C00525,shipped,2024-09-11 09:49:00,2024-09-11 18:49:00,2024-09-14 18:49:00,,2024-09-22 18:49:00
O00226,C00576,delivered,2024-10-20 23:14:00,2024-10-21 15:14:00,2024-10-22 15:14:00,2024-10-28 15:14:00,2024-11-01 15:14:00
O00227,C00600,delivered,2024-10-06 19:58:00,2024-10-06 20:58:00,2024-10-08 20:58:00,2024-10-10 20:58:00,2024-10-14 20:58:00
O00228,C00648,delivered,2024-11-20 16:49:00,2024-11-21 00:49:00,2024-11-24 00:49:00,2024-11-28 00:49:00,2024-11-30 00:49:00
O00229,C00361,delivered,2024-04-07 03:13:00,2024-04-07 20:13:00,2024-04-10 20:13:00,2024-04-11 20:13:00,2024-04-15 20:13:00
O00230,C00095,delivered,2024-07-16 08:21:00,2024-07-16 21:21:00,2024-07-19 21:21:00,2024-07-25 21:21:00,2024-07-21 21:21:00
O00231,C00182,delivered,2024-08-27 16:27:00,2024-08-28 08:27:00,2024-08-30 08:27:00,2024-09-05 08:27:00,2024-09-04 08:27:00
O00232,C00275,delivered,2024-05-23 18:56:00,2024-05-24 00:56:00,2024-05-27 00:56:00,2024-05-31 00:56:00,2024-06-04 00:56:00
O00233,C00240,delivered,2024-04-06 01:53:00,2024-04-07 01:53:00,2024-04-08 01:53:00,2024-04-13 01:53:00,2024-04-14 01:53:00
O00234,C00255,delivered,2024-07-19 20:45:00,2024-07-20 16:45:00,2024-07-22 16:45:00,2024-07-25 16:45:00,2024-07-25 16:45:00
O00235,C00080,delivered,2024-05-03 15:46:00,2024-05-04 13:46:00,2024-05-07 13:46:00,2024-05-15 13:46:00,2024-05-08 13:46:00
O00236,C00554,delivered,2024-07-05 13:50:00,2024-07-05 15:50:00,2024-07-07 15:50:00,2024-07-13 15:50:00,2024-07-14 15:50:00
O00237,C00588,delivered,2024-11-21 21:27:00,2024-11-22 06:27:00,2024-11-24 06:27:00,2024-11-27 06:27:00,2024-12-04 06:27:00
O00238,C00227,delivered,2024-12-14 15:24:00,2024-12-15 10:24:00,2024-12-16 10:24:00,2024-12-17 10:24:00,2024-12-27 10:24:00
O00239,C00489,delivered,2024-09-15 00:54:00,2024-09-15 18:54:00,2024-09-16 18:54:00,2024-09-22 18:54:00,2024-09-25 18:54:00
O00240,C00178,delivered,2024-05-27 13:19:00,2024-05-28 04:19:00,2024-05-29 04:19:00,2024-06-06 04:19:00,2024-06-06 04:19:00
O00241,C00012,delivered,2024-09-08 12:57:00,2024-09-09 10:57:00,2024-09-10 10:57:00,2024-09-17 10:57:00,2024-09-14 10:57:00
O00242,C00627,delivered,2024-12-11 02:41:00,2024-12-11 11:41:00,2024-12-12 11:41:00,2024-12-17 11:41:00,2024-12-18 11:41:00
O00243,C00627,delivered,2024-05-26 23:23:00,2024-05-27 10:23:00,2024-05-29 10:23:00,2024-06-01 10:23:00,2024-06-07 10:23:00
O00244,C00429,delivered,2024-05-27 01:26:00,2024-05-28 00:26:00,2024-05-30 00:26:00,2024-06-05 00:26:00,2024-06-07 00:26:00
O00245,C00184,delivered,2024-12-17 00:54:00,2024-12-17 19:54:00,2024-12-18 19:54:00,2024-12-22 19:54:00,2024-12-22 19:54:00
O00246,C00241,delivered,2024-07-17 20:01:00,2024-07-18 14:01:00,2024-07-20 14:01:00,2024-07-27 14:01:00,2024-07-25 14:01:00
O00247,C00153,delivered,2024-11-03 23:34:00,2024-11-04 15:34:00,2024-11-05 15:34:00,2024-11-08 15:34:00,2024-11-14 15:34:00
O00248,C00645,delivered,2024-05-07 22:52:00,2024-05-08 15:52:00,2024-05-11 15:52:00,2024-05-17 15:52:00,2024-05-19 15:52:00
O00249,C00575,delivered,2024-02-08 17:11:00,2024-02-09 12:11:00,2024-02-10 12:11:00,2024-02-17 12:11:00,2024-02-14 12:11:00
O00250,C00061,delivered,2024-12-03 13:52:00,2024-12-03 20:52:00,2024-12-05 20:52:00,2024-12-13 20:52:00,2024-12-08 20:52:00
O00251,C00342,delivered,2024-12-25 05:12:00,2024-12-25 14:12:00,2024-12-27 14:12:00,2025-01-02 14:12:00,2025-01-06 14:12:00
O00252,C00263,delivered,2024-05-08 12:38:00,2024-05-09 00:38:00,2024-05-10 00:38:00,2024-05-17 00:38:00,2024-05-14 00:38:00
O00253,C00695,delivered,2024-09-23 07:22:00,2024-09-24 03:22:00,2024-09-25 03:22:00,2024-09-28 03:22:00,2024-10-02 03:22:00
O00254,C00689,delivered,2024-05-30 05:27:00,2024-05-30 22:27:00,2024-06-01 22:27:00,2024-06-09 22:27:00,2024-06-04 22:27:00
O00255,C00293,delivered,2024-10-24 17:57:00,2024-10-25 08:57:00,2024-10-28 08:57:00,2024-10-31 08:57:00,2024-10-31 08:57:00
O00256,C00345,delivered,2024-04-08 12:40:00,2024-04-09 02:40:00,2024-04-12 02:40:00,2024-04-19 02:40:00,2024-04-14 02:40:00
O00257,C00351,delivered,2024-09-19 21:02:00,2024-09-20 05:02:00,2024-09-22 05:02:00,2024-09-28 05:02:00,2024-09-28 05:02:00
O00258,C00619,delivered,2024-09-08 20:52:00,2024-09-09 17:52:00,2024-09-11 17:52:00,2024-09-16 17:52:00,2024-09-20 17:52:00
O00259,C00371,delivered,2024-05-23 09:38:00,2024-05-24 09:38:00,2024-05-27 09:38:00,2024-06-04 09:38:00,2024-06-03 09:38:00
O00260,C00023,shipped,2024-12-11 17:54:00,2024-12-11 22:54:00,2024-12-14 22:54:00,,2024-12-19 22:54:00
O00261,C00717,delivered,2024-04-21 16:46:00,2024-04-22 16:46:00,2024-04-23 16:46:00,2024-04-27 16:46:00,2024-04-28 16:46:00
O00262,C00097,delivered,2024-02-29 21:27:00,2024-03-01 00:27:00,2024-03-03 00:27:00,2024-03-04 00:27:00,2024-03-05 00:27:00
O00263,C00536,delivered,2024-01-02 01:35:00,2024-01-02 04:35:00,2024-01-03 04:35:00,2024-01-08 04:35:00,2024-01-08 04:35:00
O00264,C00399,delivered,2024-10-30 18:31:00,2024-10-31 04:31:00,2024-11-01 04:31:00,2024-11-05 04:31:00,2024-11-08 04:31:00
O00265,C00129,delivered,2024-09-10 18:21:00,2024-09-10 23:21:00,2024-09-13 23:21:00,2024-09-16 23:21:00,2024-09-14 23:21:00
O00266,C00365,shipped,2024-05-19 21:51:00,2024-05-20 08:51:00,2024-05-22 08:51:00,,2024-06-01 08:51:00
O00267,C00561,delivered,2024-02-06 19:03:00,2024-02-07 10:03:00,2024-02-08 10:03:00,2024-02-11 10:03:00,2024-02-18 10:03:00
O00268,C00651,delivered,2024-06-08 13:33:00,2024-06-09 08:33:00,2024-06-11 08:33:00,2024-06-16 08:33:00,2024-06-18 08:33:00
O00269,C00232,delivered,2024-01-09 08:10:00,2024-01-09 11:10:00,2024-01-11 11:10:00,2024-01-16 11:10:00,2024-01-18 11:10:00
O00270,C00159,delivered,2024-08-20 07:31:00,2024-08-20 17:31:00,2024-08-21 17:31:00,2024-08-22 17:31:00,2024-09-01 17:31:00
O00271,C00139,delivered,2024-04-08 02:44:00,2024-04-08 14:44:00,2024-04-10 14:44:00,2024-04-18 14:44:00,2024-04-20 14:44:00
O00272,C00503,delivered,2024-05-26 03:01:00,2024-05-26 19:01:00,2024-05-28 19:01:00,2024-05-29 19:01:00,2024-06-05 19:01:00
O00273,C00611,delivered,2024-10-30 07:48:00,2024-10-30 15:48:00,2024-10-31 15:48:00,2024-11-06 15:48:00,2024-11-06 15:48:00
O00274,C00574,delivered,2024-07-26 15:09:00,2024-07-27 05:09:00,2024-07-29 05:09:00,2024-08-02 05:09:00,2024-08-02 05:09:00
O00275,C00661,delivered,2024-05-10 12:14:00,2024-05-11 01:14:00,2024-05-13 01:14:00,2024-05-17 01:14:00,2024-05-19 01:14:00
O00276,C00640,delivered,2024-05-31 13:42:00,2024-05-31 21:42:00,2024-06-03 21:42:00,2024-06-08 21:42:00,2024-06-08 21:42:00
O00277,C00544,delivered,2024-02-23 15:43:00,2024-02-24 00:43:00,2024-02-26 00:43:00,2024-03-01 00:43:00,2024-02-29 00:43:00
O00278,C00296,delivered,2024-04-29 00:06:00,2024-04-29 04:06:00,2024-05-02 04:06:00,2024-05-10 04:06:00,2024-05-10 04:06:00
O00279,C00637,delivered,2024-06-09 05:29:00,2024-06-09 21:29:00,2024-06-10 21:29:00,2024-06-16 21:29:00,2024-06-13 21:29:00
O00280,C00547,delivered,2024-04-25 12:54:00,2024-04-25 13:54:00,2024-04-26 13:54:00,2024-04-28 13:54:00,2024-05-03 13:54:00
O00281,C00732,delivered,2024-03-15 02:30:00,2024-03-15 17:30:00,2024-03-18 17:30:00,2024-03-19 17:30:00,2024-03-22 17:30:00
O00282,C00015,delivered,2024-04-22 18:28:00,2024-04-23 10:28:00,2024-04-24 10:28:00,2024-04-30 10:28:00,2024-05-03 10:28:00
O00283,C00510,delivered,2024-04-13 02:26:00,2024-04-13 14:26:00,2024-04-15 14:26:00,2024-04-16 14:26:00,2024-04-22 14:26:00
O00284,C00149,delivered,2024-12-05 23:24:00,2024-12-06 01:24:00,2024-12-08 01:24:00,2024-12-15 01:24:00,2024-12-11 01:24:00
O00285,C00185,delivered,2024-09-10 15:14:00,2024-09-10 22:14:00,2024-09-12 22:14:00,2024-09-19 22:14:00,2024-09-14 22:14:00
O00286,C00731,delivered,2024-08-14 21:48:00,2024-08-15 05:48:00,2024-08-17 05:48:00,2024-08-25 05:48:00,2024-08-22 05:48:00
O00287,C00034,delivered,2024-04-21 11:39:00,2024-04-21 18:39:00,2024-04-23 18:39:00,2024-04-25 18:39:00,2024-05-03 18:39:00
O00288,C00213,delivered,2024-04-08 01:21:00,2024-04-08 17:21:00,2024-04-10 17:21:00,2024-04-15 17:21:00,2024-04-17 17:21:00
O00289,C00745,delivered,2024-06-01 08:33:00,2024-06-01 10:33:00,2024-06-04 10:33:00,2024-06-06 10:33:00,2024-06-09 10:33:00
O00290,C00305,shipped,2024-12-14 13:34:00,2024-12-14 20:34:00,2024-12-16 20:34:00,,2024-12-21 20:34:00
O00291,C00241,delivered,2024-12-31 11:48:00,2025-01-01 08:48:00,2025-01-03 08:48:00,2025-01-09 08:48:00,2025-01-05 08:48:00
O00292,C00282,delivered,2024-12-03 12:25:00,2024-12-04 07:25:00,2024-12-05 07:25:00,2024-12-12 07:25:00,2024-12-11 07:25:00
O00293,C00043,delivered,2024-07-12 17:02:00,2024-07-13 12:02:00,2024-07-16 12:02:00,2024-07-24 12:02:00,2024-07-19 12:02:00
O00294,C00091,delivered,2024-11-05 23:29:00,2024-11-06 07:29:00,2024-11-07 07:29:00,2024-11-15 07:29:00,2024-11-11 07:29:00
O00295,C00346,delivered,2024-06-11 11:46:00,2024-06-12 08:46:00,2024-06-13 08:46:00,2024-06-14 08:46:00,2024-06-21 08:46:00
O00296,C00718,delivered,2024-07-26 07:50:00,2024-07-27 01:50:00,2024-07-28 01:50:00,2024-07-31 01:50:00,2024-08-07 01:50:00
O00297,C00571,delivered,2024-06-17 19:02:00,2024-06-18 16:02:00,2024-06-20 16:02:00,2024-06-28 16:02:00,2024-06-25 16:02:00
O00298,C00386,delivered,2024-06-09 06:35:00,2024-06-09 18:35:00,2024-06-12 18:35:00,2024-06-15 18:35:00,2024-06-17 18:35:00
O00299,C00496,delivered,2024-03-08 04:20:00,2024-03-09 03:20:00,2024-03-11 03:20:00,2024-03-16 03:20:00,2024-03-21 03:20:00
O00300,C00194,delivered,2024-10-15 13:24:00,2024-10-16 08:24:00,2024-10-17 08:24:00,2024-10-23 08:24:00,2024-10-25 08:24:00
O00301,C00281,delivered,2024-10-03 15:33:00,2024-10-04 11:33:00,2024-10-07 11:33:00,2024-10-10 11:33:00,2024-10-09 11:33:00
O00302,C00460,delivered,2024-10-30 21:19:00,2024-10-31 07:19:00,2024-11-02 07:19:00,2024-11-08 07:19:00,2024-11-11 07:19:00
O00303,C00653,delivered,2024-05-14 15:04:00,2024-05-15 08:04:00,2024-05-17 08:04:00,2024-05-20 08:04:00,2024-05-19 08:04:00
O00304,C00372,delivered,2024-07-13 20:49:00,2024-07-14 16:49:00,2024-07-15 16:49:00,2024-07-21 16:49:00,2024-07-19 16:49:00
O00305,C00551,delivered,2024-05-07 17:56:00,2024-05-08 06:56:00,2024-05-09 06:56:00,2024-05-17 06:56:00,2024-05-20 06:56:00
O00306,C00289,delivered,2024-02-02 15:39:00,2024-02-03 02:39:00,2024-02-05 02:39:00,2024-02-11 02:39:00,2024-02-08 02:39:00
O00307,C00674,delivered,2024-06-24 14:13:00,2024-06-24 17:13:00,2024-06-25 17:13:00,2024-06-28 17:13:00,2024-06-30 17:13:00
O00308,C00206,delivered,2024-01-22 23:07:00,2024-01-23 03:07:00,2024-01-25 03:07:00,2024-01-29 03:07:00,2024-01-28 03:07:00
O00309,C00657,delivered,2024-08-25 21:43:00,2024-08-26 10:43:00,2024-08-29 10:43:00,2024-09-06 10:43:00,2024-09-07 10:43:00
O00310,C00604,delivered,2024-06-06 09:52:00,2024-06-06 18:52:00,2024-06-07 18:52:00,2024-06-13 18:52:00,2024-06-13 18:52:00
O00311,C00072,delivered,2024-02-07 11:53:00,2024-02-07 12:53:00,2024-02-08 12:53:00,2024-02-16 12:53:00,2024-02-12 12:53:00
O00312,C00654,delivered,2024-08-17 19:41:00,2024-08-17 21:41:00,2024-08-19 21:41:00,2024-08-26 21:41:00,2024-08-26 21:41:00
O00313,C00059,delivered,2024-12-30 10:31:00,2024-12-31 06:31:00,2025-01-02 06:31:00,2025-01-03 06:31:00,2025-01-05 06:31:00
O00314,C00079,delivered,2024-02-20 00:58:00,2024-02-20 07:58:00,2024-02-23 07:58:00,2024-02-25 07:58:00,2024-02-25 07:58:00
O00315,C00544,delivered,2024-09-20 02:07:00,2024-09-20 15:07:00,2024-09-21 15:07:00,2024-09-25 15:07:00,2024-10-02 15:07:00
O00316,C00583,delivered,2024-10-09 12:15:00,2024-10-10 09:15:00,2024-10-11 09:15:00,2024-10-18 09:15:00,2024-10-15 09:15:00
O00317,C00590,delivered,2024-01-27 12:00:00,2024-01-28 00:00:00,2024-01-31 00:00:00,2024-02-08 00:00:00,2024-02-07 00:00:00
O00318,C00170,delivered,2024-08-13 18:58:00,2024-08-14 00:58:00,2024-08-17 00:58:00,2024-08-24 00:58:00,2024-08-26 00:58:00
O00319,C00161,delivered,2024-10-03 20:32:00,2024-10-04 14:32:00,2024-10-07 14:32:00,2024-10-15 14:32:00,2024-10-13 14:32:00
O00320,C00563,delivered,2024-10-12 08:45:00,2024-10-12 19:45:00,2024-10-14 19:45:00,2024-10-21 19:45:00,2024-10-22 19:45:00
O00321,C00331,delivered,2024-04-06 08:40:00,2024-04-07 04:40:00,2024-04-08 04:40:00,2024-04-12 04:40:00,2024-04-17 04:40:00
O00322,C00260,delivered,2024-10-10 09:11:00,2024-10-10 21:11:00,2024-10-12 21:11:00,2024-10-20 21:11:00,2024-10-20 21:11:00
O00323,C00035,delivered,2024-11-12 03:56:00,2024-11-12 13:56:00,2024-11-15 13:56:00,2024-11-16 13:56:00,2024-11-24 13:56:00
O00324,C00309,delivered,2024-10-30 21:44:00,2024-10-30 22:44:00,2024-11-01 22:44:00,2024-11-05 22:44:00,2024-11-06 22:44:00
O00325,C00022,delivered,2024-05-26 23:02:00,2024-05-27 22:02:00,2024-05-29 22:02:00,2024-06-01 22:02:00,2024-06-01 22:02:00
O00326,C00364,delivered,2024-01-04 20:24:00,2024-01-05 01:24:00,2024-01-06 01:24:00,2024-01-11 01:24:00,2024-01-14 01:24:00
O00327,C00255,delivered,2024-02-04 21:41:00,2024-02-05 05:41:00,2024-02-07 05:41:00,2024-02-12 05:41:00,2024-02-10 05:41:00
O00328,C00582,delivered,2024-07-10 20:58:00,2024-07-11 03:58:00,2024-07-14 03:58:00,2024-07-16 03:58:00,2024-07-20 03:58:00
O00329,C00177,delivered,2024-02-18 08:13:00,2024-02-19 00:13:00,2024-02-22 00:13:00,2024-02-24 00:13:00,2024-02-27 00:13:00
O00330,C00590,delivered,2024-01-17 00:03:00,2024-01-17 13:03:00,2024-01-18 13:03:00,2024-01-19 13:03:00,2024-01-26 13:03:00
O00331,C00444,delivered,2024-06-20 11:05:00,2024-06-21 01:05:00,2024-06-22 01:05:00,2024-06-26 01:05:00,2024-06-25 01:05:00
O00332,C00647,delivered,2024-08-07 07:21:00,2024-08-07 20:21:00,2024-08-08 20:21:00,2024-08-13 20:21:00,2024-08-19 20:21:00
O00333,C00552,delivered,2024-06-06 00:28:00,2024-06-06 19:28:00,2024-06-07 19:28:00,2024-06-13 19:28:00,2024-06-18 19:28:00
O00334,C00156,delivered,2024-02-15 18:52:00,2024-02-15 20:52:00,2024-02-18 20:52:00,2024-02-25 20:52:00,2024-02-26 20:52:00
O00335,C00589,delivered,2024-01-06 10:09:00,2024-01-07 03:09:00,2024-01-08 03:09:00,2024-01-12 03:09:00,2024-01-17 03:09:00
O00336,C00403,delivered,2024-04-08 13:24:00,2024-04-08 18:24:00,2024-04-09 18:24:00,2024-04-15 18:24:00,2024-04-13 18:24:00
O00337,C00050,delivered,2024-08-20 01:14:00,2024-08-20 19:14:00,2024-08-22 19:14:00,2024-08-27 19:14:00,2024-08-25 19:14:00
O00338,C00444,delivered,2024-02-06 13:57:00,2024-02-07 12:57:00,2024-02-08 12:57:00,2024-02-11 12:57:00,2024-02-18 12:57:00
O00339,C00499,delivered,2024-10-06 19:29:00,2024-10-07 08:29:00,2024-10-10 08:29:00,2024-10-14 08:29:00,2024-10-19 08:29:00
O00340,C00536,delivered,2024-12-14 02:07:00,2024-12-14 10:07:00,2024-12-15 10:07:00,2024-12-17 10:07:00,2024-12-22 10:07:00
O00341,C00331,delivered,2024-10-28 00:41:00,2024-10-28 22:41:00,2024-10-31 22:41:00,2024-11-02 22:41:00,2024-11-02 22:41:00
O00342,C00433,delivered,2024-06-29 22:59:00,2024-06-30 10:59:00,2024-07-02 10:59:00,2024-07-06 10:59:00,2024-07-09 10:59:00
O00343,C00671,delivered,2024-04-04 00:40:00,2024-04-04 01:40:00,2024-04-06 01:40:00,2024-04-09 01:40:00,2024-04-13 01:40:00
O00344,C00452,shipped,2024-04-08 15:33:00,2024-04-09 11:33:00,2024-04-10 11:33:00,,2024-04-13 11:33:00
O00345,C00239,delivered,2024-07-06 00:33:00,2024-07-06 07:33:00,2024-07-09 07:33:00,2024-07-15 07:33:00,2024-07-12 07:33:00
O00346,C00087,shipped,2024-04-25 17:20:00,2024-04-25 21:20:00,2024-04-28 21:20:00,,2024-05-02 21:20:00
O00347,C00151,delivered,2024-07-09 19:36:00,2024-07-10 05:36:00,2024-07-11 05:36:00,2024-07-17 05:36:00,2024-07-15 05:36:00
O00348,C00482,delivered,2024-09-09 16:37:00,2024-09-09 17:37:00,2024-09-11 17:37:00,2024-09-15 17:37:00,2024-09-21 17:37:00
O00349,C00559,delivered,2024-06-09 23:21:00,2024-06-10 16:21:00,2024-06-12 16:21:00,2024-06-20 16:21:00,2024-06-16 16:21:00
O00350,C00684,delivered,2024-09-12 09:47:00,2024-09-12 10:47:00,2024-09-14 10:47:00,2024-09-15 10:47:00,2024-09-20 10:47:00
O00351,C00290,delivered,2024-11-18 05:41:00,2024-11-18 12:41:00,2024-11-21 12:41:00,2024-11-26 12:41:00,2024-11-22 12:41:00
O00352,C00008,delivered,2024-05-07 00:26:00,2024-05-07 03:26:00,2024-05-09 03:26:00,2024-05-14 03:26:00,2024-05-16 03:26:00
O00353,C00019,shipped,2024-01-18 21:50:00,2024-01-19 07:50:00,2024-01-22 07:50:00,,2024-01-26 07:50:00
O00354,C00520,delivered,2024-10-07 10:45:00,2024-10-08 09:45:00,2024-10-09 09:45:00,2024-10-15 09:45:00,2024-10-19 09:45:00
O00355,C00544,shipped,2024-08-10 12:10:00,2024-08-10 15:10:00,2024-08-11 15:10:00,,2024-08-22 15:10:00
O00356,C00574,shipped,2024-02-23 02:47:00,2024-02-24 01:47:00,2024-02-25 01:47:00,,2024-03-02 01:47:00
O00357,C00312,delivered,2024-02-27 10:09:00,2024-02-27 21:09:00,2024-02-29 21:09:00,2024-03-07 21:09:00,2024-03-04 21:09:00
O00358,C00700,canceled,2024-11-18 04:27:00,2024-11-18 16:27:00,2024-11-20 16:27:00,,2024-11-25 16:27:00
O00359,C00513,delivered,2024-12-25 13:40:00,2024-12-25 22:40:00,2024-12-26 22:40:00,2024-12-31 22:40:00,2025-01-04 22:40:00
O00360,C00030,delivered,2024-06-22 07:34:00,2024-06-23 01:34:00,2024-06-25 01:34:00,2024-06-29 01:34:00,2024-06-29 01:34:00
O00361,C00402,delivered,2024-10-06 15:05:00,2024-10-07 13:05:00,2024-10-08 13:05:00,2024-10-10 13:05:00,2024-10-17 13:05:00
O00362,C00694,delivered,2024-04-23 23:44:00,2024-04-24 19:44:00,2024-04-27 19:44:00,2024-05-01 19:44:00,2024-05-04 19:44:00
O00363,C00156,delivered,2024-10-14 15:21:00,2024-10-15 05:21:00,2024-10-17 05:21:00,2024-10-23 05:21:00,2024-10-26 05:21:00
O00364,C00211,delivered,2024-12-07 16:20:00,2024-12-08 13:20:00,2024-12-09 13:20:00,2024-12-13 13:20:00,2024-12-14 13:20:00
O00365,C00722,delivered,2024-05-30 11:41:00,2024-05-31 04:41:00,2024-06-01 04:41:00,2024-06-08 04:41:00,2024-06-06 04:41:00
O00366,C00578,delivered,2024-05-06 10:33:00,2024-05-06 16:33:00,2024-05-08 16:33:00,2024-05-10 16:33:00,2024-05-18 16:33:00
O00367,C00736,delivered,2024-06-03 02:09:00,2024-06-03 06:09:00,2024-06-04 06:09:00,2024-06-10 06:09:00,2024-06-09 06:09:00
O00368,C00326,delivered,2024-09-29 16:59:00,2024-09-30 06:59:00,2024-10-02 06:59:00,2024-10-07 06:59:00,2024-10-11 06:59:00
O00369,C00652,delivered,2024-04-13 23:06:00,2024-04-14 23:06:00,2024-04-16 23:06:00,2024-04-19 23:06:00,2024-04-21 23:06:00
O00370,C00189,delivered,2024-10-25 13:38:00,2024-10-25 14:38:00,2024-10-28 14:38:00,2024-11-02 14:38:00,2024-11-01 14:38:00
O00371,C00236,delivered,2024-09-02 11:32:00,2024-09-03 09:32:00,2024-09-04 09:32:00,2024-09-10 09:32:00,2024-09-08 09:32:00
O00372,C00488,delivered,2024-06-24 21:55:00,2024-06-25 02:55:00,2024-06-28 02:55:00,2024-07-06 02:55:00,2024-07-04 02:55:00
O00373,C00396,delivered,2024-02-08 23:14:00,2024-02-09 15:14:00,2024-02-11 15:14:00,2024-02-14 15:14:00,2024-02-15 15:14:00
O00374,C00033,delivered,2024-06-18 13:13:00,2024-06-19 03:13:00,2024-06-20 03:13:00,2024-06-25 03:13:00,2024-06-29 03:13:00
O00375,C00687,shipped,2024-09-03 00:28:00,2024-09-03 07:28:00,2024-09-04 07:28:00,,2024-09-09 07:28:00
O00376,C00449,delivered,2024-01-26 02:28:00,2024-01-26 22:28:00,2024-01-28 22:28:00,2024-02-03 22:28:00,2024-02-06 22:28:00
O00377,C00437,delivered,2024-12-20 21:59:00,2024-12-21 10:59:00,2024-12-22 10:59:00,2024-12-29 10:59:00,2024-12-30 10:59:00
O00378,C00585,delivered,2024-11-01 00:10:00,2024-11-01 20:10:00,2024-11-04 20:10:00,2024-11-05 20:10:00,2024-11-13 20:10:00
O00379,C00467,delivered,2024-01-13 11:15:00,2024-01-13 13:15:00,2024-01-14 13:15:00,2024-01-21 13:15:00,2024-01-17 13:15:00
O00380,C00528,delivered,2024-11-11 18:56:00,2024-11-12 15:56:00,2024-11-13 15:56:00,2024-11-17 15:56:00,2024-11-20 15:56:00
O00381,C00311,delivered,2024-11-08 03:06:00,2024-11-08 13:06:00,2024-11-10 13:06:00,2024-11-13 13:06:00,2024-11-18 13:06:00
O00382,C00055,delivered,2024-02-05 13:26:00,2024-02-06 12:26:00,2024-02-09 12:26:00,2024-02-12 12:26:00,2024-02-17 12:26:00
O00383,C00462,delivered,2024-06-21 12:23:00,2024-06-21 15:23:00,2024-06-24 15:23:00,2024-06-26 15:23:00,2024-06-27 15:23:00
O00384,C00712,delivered,2024-01-20 20:50:00,2024-01-21 14:50:00,2024-01-22 14:50:00,2024-01-29 14:50:00,2024-01-31 14:50:00
O00385,C00025,delivered,2024-11-16 22:13:00,2024-11-17 04:13:00,2024-11-19 04:13:00,2024-11-23 04:13:00,2024-11-28 04:13:00
O00386,C00331,delivered,2024-09-20 01:37:00,2024-09-21 00:37:00,2024-09-24 00:37:00,2024-09-27 00:37:00,2024-09-26 00:37:00
O00387,C00723,delivered,2024-05-21 00:54:00,2024-05-21 15:54:00,2024-05-24 15:54:00,2024-05-30 15:54:00,2024-05-26 15:54:00
O00388,C00393,delivered,2024-05-22 10:22:00,2024-05-23 10:22:00,2024-05-26 10:22:00,2024-05-29 10:22:00,2024-06-02 10:22:00
O00389,C00044,delivered,2024-04-01 11:03:00,2024-04-01 17:03:00,2024-04-03 17:03:00,2024-04-06 17:03:00,2024-04-07 17:03:00
O00390,C00183,delivered,2024-12-19 12:37:00,2024-12-20 11:37:00,2024-12-21 11:37:00,2024-12-28 11:37:00,2024-12-28 11:37:00
O00391,C00456,delivered,2024-11-17 06:45:00,2024-11-17 16:45:00,2024-11-20 16:45:00,2024-11-23 16:45:00,2024-11-22 16:45:00
O00392,C00207,delivered,2024-10-14 01:08:00,2024-10-14 02:08:00,2024-10-17 02:08:00,2024-10-22 02:08:00,2024-10-18 02:08:00
O00393,C00510,delivered,2024-08-02 22:15:00,2024-08-03 16:15:00,2024-08-04 16:15:00,2024-08-12 16:15:00,2024-08-10 16:15:00
O00394,C00675,delivered,2024-12-07 21:52:00,2024-12-08 13:52:00,2024-12-10 13:52:00,2024-12-17 13:52:00,2024-12-19 13:52:00
O00395,C00614,delivered,2024-02-20 12:30:00,2024-02-20 13:30:00,2024-02-21 13:30:00,2024-02-26 13:30:00,2024-03-03 13:30:00
O00396,C00212,delivered,2024-06-01 19:31:00,2024-06-01 21:31:00,2024-06-02 21:31:00,2024-06-05 21:31:00,2024-06-05 21:31:00
O00397,C00037,shipped,2024-07-04 21:07:00,2024-07-05 02:07:00,2024-07-06 02:07:00,,2024-07-14 02:07:00
O00398,C00050,delivered,2024-03-03 15:57:00,2024-03-03 19:57:00,2024-03-05 19:57:00,2024-03-08 19:57:00,2024-03-09 19:57:00
O00399,C00625,delivered,2024-07-08 06:04:00,2024-07-09 04:04:00,2024-07-12 04:04:00,2024-07-15 04:04:00,2024-07-20 04:04:00
O00400,C00368,delivered,2024-05-04 08:01:00,2024-05-04 10:01:00,2024-05-05 10:01:00,2024-05-10 10:01:00,2024-05-13 10:01:00
O00401,C00388,delivered,2024-05-29 03:20:00,2024-05-29 06:20:00,2024-05-31 06:20:00,2024-06-02 06:20:00,2024-06-06 06:20:00
O00402,C00124,delivered,2024-11-09 02:33:00,2024-11-10 01:33:00,2024-11-12 01:33:00,2024-11-18 01:33:00,2024-11-22 01:33:00
O00403,C00214,delivered,2024-02-27 01:12:00,2024-02-28 00:12:00,2024-02-29 00:12:00,2024-03-01 00:12:00,2024-03-04 00:12:00
O00404,C00644,delivered,2024-12-07 11:52:00,2024-12-08 04:52:00,2024-12-09 04:52:00,2024-12-17 04:52:00,2024-12-16 04:52:00
O00405,C00324,delivered,2024-10-31 04:55:00,2024-10-31 13:55:00,2024-11-03 13:55:00,2024-11-09 13:55:00,2024-11-06 13:55:00
O00406,C00508,delivered,2024-06-28 17:20:00,2024-06-29 10:20:00,2024-07-02 10:20:00,2024-07-10 10:20:00,2024-07-10 10:20:00
O00407,C00624,delivered,2024-06-18 20:40:00,2024-06-19 04:40:00,2024-06-22 04:40:00,2024-06-27 04:40:00,2024-06-26 04:40:00
O00408,C00024,delivered,2024-11-21 01:00:00,2024-11-21 16:00:00,2024-11-24 16:00:00,2024-11-26 16:00:00,2024-11-28 16:00:00
O00409,C00424,delivered,2024-09-27 15:38:00,2024-09-28 05:38:00,2024-09-29 05:38:00,2024-10-05 05:38:00,2024-10-07 05:38:00
O00410,C00652,delivered,2024-02-23 00:41:00,2024-02-23 07:41:00,2024-02-24 07:41:00,2024-02-28 07:41:00,2024-03-02 07:41:00
O00411,C00069,delivered,2024-04-10 00:24:00,2024-04-10 10:24:00,2024-04-12 10:24:00,2024-04-18 10:24:00,2024-04-14 10:24:00
O00412,C00341,delivered,2024-09-20 17:42:00,2024-09-21 04:42:00,2024-09-23 04:42:00,2024-09-24 04:42:00,2024-09-27 04:42:00
O00413,C00346,delivered,2024-02-22 02:10:00,2024-02-23 00:10:00,2024-02-25 00:10:00,2024-03-04 00:10:00,2024-02-27 00:10:00
O00414,C00493,delivered,2024-02-29 20:52:00,2024-03-01 01:52:00,2024-03-04 01:52:00,2024-03-12 01:52:00,2024-03-13 01:52:00
O00415,C00473,delivered,2024-04-17 01:47:00,2024-04-17 15:47:00,2024-04-20 15:47:00,2024-04-21 15:47:00,2024-04-29 15:47:00
O00416,C00742,delivered,2024-01-05 02:51:00,2024-01-06 00:51:00,2024-01-08 00:51:00,2024-01-09 00:51:00,2024-01-13 00:51:00
O00417,C00339,delivered,2024-04-12 01:41:00,2024-04-12 13:41:00,2024-04-13 13:41:00,2024-04-16 13:41:00,2024-04-20 13:41:00
O00418,C00347,delivered,2024-07-14 14:25:00,2024-07-15 03:25:00,2024-07-18 03:25:00,2024-07-21 03:25:00,2024-07-25 03:25:00
O00419,C00119,delivered,2024-09-18 08:43:00,2024-09-18 18:43:00,2024-09-21 18:43:00,2024-09-27 18:43:00,2024-09-22 18:43:00
O00420,C00088,delivered,2024-12-30 04:34:00,2024-12-30 20:34:00,2024-12-31 20:34:00,2025-01-06 20:34:00,2025-01-10 20:34:00
O00421,C00309,delivered,2024-12-15 17:47:00,2024-12-16 00:47:00,2024-12-19 00:47:00,2024-12-24 00:47:00,2024-12-22 00:47:00
O00422,C00038,delivered,2024-02-16 13:36:00,2024-02-16 20:36:00,2024-02-17 20:36:00,2024-02-25 20:36:00,2024-02-28 20:36:00
O00423,C00494,shipped,2024-12-20 15:56:00,2024-12-21 08:56:00,2024-12-22 08:56:00,,2024-12-30 08:56:00
O00424,C00536,delivered,2024-11-06 17:20:00,2024-11-07 03:20:00,2024-11-09 03:20:00,2024-11-12 03:20:00,2024-11-12 03:20:00
O00425,C00528,delivered,2024-11-03 05:29:00,2024-11-04 03:29:00,2024-11-05 03:29:00,2024-11-09 03:29:00,2024-11-08 03:29:00
O00426,C00730,shipped,2024-05-23 00:11:00,2024-05-23 17:11:00,2024-05-24 17:11:00,,2024-05-31 17:11:00
O00427,C00703,delivered,2024-09-25 22:21:00,2024-09-26 18:21:00,2024-09-27 18:21:00,2024-10-03 18:21:00,2024-10-07 18:21:00
O00428,C00105,delivered,2024-05-03 03:35:00,2024-05-03 20:35:00,2024-05-06 20:35:00,2024-05-11 20:35:00,2024-05-07 20:35:00
O00429,C00319,delivered,2024-04-15 05:38:00,2024-04-16 02:38:00,2024-04-17 02:38:00,2024-04-23 02:38:00,2024-04-23 02:38:00
O00430,C00283,delivered,2024-06-06 11:00:00,2024-06-07 05:00:00,2024-06-09 05:00:00,2024-06-17 05:00:00,2024-06-12 05:00:00
O00431,C00161,delivered,2024-05-26 18:24:00,2024-05-27 03:24:00,2024-05-28 03:24:00,2024-05-29 03:24:00,2024-06-08 03:24:00
O00432,C00211,delivered,2024-05-24 06:13:00,2024-05-25 00:13:00,2024-05-27 00:13:00,2024-06-02 00:13:00,2024-06-02 00:13:00
O00433,C00721,delivered,2024-04-29 16:15:00,2024-04-30 02:15:00,2024-05-03 02:15:00,2024-05-07 02:15:00,2024-05-06 02:15:00
O00434,C00627,delivered,2024-11-14 11:49:00,2024-11-14 22:49:00,2024-11-17 22:49:00,2024-11-25 22:49:00,2024-11-18 22:49:00
O00435,C00482,delivered,2024-10-01 20:23:00,2024-10-02 18:23:00,2024-10-03 18:23:00,2024-10-05 18:23:00,2024-10-12 18:23:00
O00436,C00436,delivered,2024-04-01 07:45:00,2024-04-01 20:45:00,2024-04-02 20:45:00,2024-04-10 20:45:00,2024-04-10 20:45:00
O00437,C00202,delivered,2024-02-27 18:32:00,2024-02-28 17:32:00,2024-03-02 17:32:00,2024-03-04 17:32:00,2024-03-10 17:32:00
O00438,C00095,delivered,2024-12-11 21:31:00,2024-12-12 20:31:00,2024-12-14 20:31:00,2024-12-16 20:31:00,2024-12-23 20:31:00
O00439,C00659,shipped,2024-08-16 08:08:00,2024-08-17 07:08:00,2024-08-19 07:08:00,,2024-08-24 07:08:00
O00440,C00147,delivered,2024-04-26 00:46:00,2024-04-26 20:46:00,2024-04-28 20:46:00,2024-05-04 20:46:00,2024-05-06 20:46:00
O00441,C00681,delivered,2024-11-13 21:51:00,2024-11-14 08:51:00,2024-11-16 08:51:00,2024-11-24 08:51:00,2024-11-25 08:51:00
O00442,C00486,delivered,2024-10-05 12:57:00,2024-10-05 16:57:00,2024-10-07 16:57:00,2024-10-15 16:57:00,2024-10-16 16:57:00
O00443,C00289,delivered,2024-05-06 17:19:00,2024-05-07 05:19:00,2024-05-10 05:19:00,2024-05-13 05:19:00,2024-05-19 05:19:00
O00444,C00731,delivered,2024-05-08 11:50:00,2024-05-08 15:50:00,2024-05-10 15:50:00,2024-05-12 15:50:00,2024-05-16 15:50:00
O00445,C00410,delivered,2024-02-27 06:40:00,2024-02-28 01:40:00,2024-03-01 01:40:00,2024-03-05 01:40:00,2024-03-06 01:40:00
O00446,C00493,delivered,2024-05-01 16:20:00,2024-05-02 05:20:00,2024-05-03 05:20:00,2024-05-09 05:20:00,2024-05-09 05:20:00
O00447,C00605,delivered,2024-01-01 18:29:00,2024-01-02 08:29:00,2024-01-04 08:29:00,2024-01-10 08:29:00,2024-01-14 08:29:00
O00448,C00177,delivered,2024-08-26 04:09:00,2024-08-27 02:09:00,2024-08-30 02:09:00,2024-09-01 02:09:00,2024-09-07 02:09:00
O00449,C00610,delivered,2024-10-16 06:30:00,2024-10-16 21:30:00,2024-10-18 21:30:00,2024-10-20 21:30:00,2024-10-27 21:30:00
O00450,C00415,delivered,2024-04-05 05:34:00,2024-04-05 08:34:00,2024-04-08 08:34:00,2024-04-10 08:34:00,2024-04-15 08:34:00
O00451,C00660,delivered,2024-05-05 10:28:00,2024-05-06 08:28:00,2024-05-07 08:28:00,2024-05-09 08:28:00,2024-05-13 08:28:00
O00452,C00594,delivered,2024-04-27 02:16:00,2024-04-27 23:16:00,2024-04-28 23:16:00,2024-05-01 23:16:00,2024-05-03 23:16:00
O00453,C00298,delivered,2024-02-17 14:42:00,2024-02-18 03:42:00,2024-02-21 03:42:00,2024-02-29 03:42:00,2024-02-25 03:42:00
O00454,C00324,delivered,2024-03-29 11:27:00,2024-03-29 21:27:00,2024-04-01 21:27:00,2024-04-06 21:27:00,2024-04-08 21:27:00
O00455,C00352,delivered,2024-08-24 13:46:00,2024-08-24 16:46:00,2024-08-27 16:46:00,2024-08-28 16:46:00,2024-09-05 16:46:00
O00456,C00130,shipped,2024-09-28 12:06:00,2024-09-28 22:06:00,2024-09-29 22:06:00,,2024-10-10 22:06:00
O00457,C00000,delivered,2024-07-07 09:53:00,2024-07-08 08:53:00,2024-07-11 08:53:00,2024-07-17 08:53:00,2024-07-13 08:53:00
O00458,C00031,delivered,2024-07-10 20:46:00,2024-07-11 04:46:00,2024-07-13 04:46:00,2024-07-20 04:46:00,2024-07-20 04:46:00
O00459,C00415,delivered,2024-03-09 16:29:00,2024-03-10 05:29:00,2024-03-12 05:29:00,2024-03-16 05:29:00,2024-03-16 05:29:00
O00460,C00192,delivered,2024-10-04 06:11:00,2024-10-05 00:11:00,2024-10-07 00:11:00,2024-10-13 00:11:00,2024-10-15 00:11:00
O00461,C00686,delivered,2024-12-14 15:34:00,2024-12-14 20:34:00,2024-12-15 20:34:00,2024-12-16 20:34:00,2024-12-19 20:34:00
O00462,C00147,delivered,2024-09-03 16:34:00,2024-09-04 16:34:00,2024-09-06 16:34:00,2024-09-13 16:34:00,2024-09-10 16:34:00
O00463,C00657,delivered,2024-03-16 06:41:00,2024-03-16 20:41:00,2024-03-18 20:41:00,2024-03-25 20:41:00,2024-03-22 20:41:00
O00464,C00434,delivered,2024-06-02 10:14:00,2024-06-03 04:14:00,2024-06-05 04:14:00,2024-06-12 04:14:00,2024-06-12 04:14:00
O00465,C00434,delivered,2024-05-23 21:36:00,2024-05-24 17:36:00,2024-05-25 17:36:00,2024-06-02 17:36:00,2024-05-31 17:36:00
O00466,C00275,shipped,2024-03-26 19:42:00,2024-03-27 09:42:00,2024-03-30 09:42:00,,2024-03-31 09:42:00
O00467,C00581,delivered,2024-07-03 19:35:00,2024-07-04 11:35:00,2024-07-07 11:35:00,2024-07-13 11:35:00,2024-07-09 11:35:00
O00468,C00707,delivered,2024-10-11 16:34:00,2024-10-11 19:34:00,2024-10-12 19:34:00,2024-10-17 19:34:00,2024-10-22 19:34:00
O00469,C00535,delivered,2024-08-07 10:19:00,2024-08-08 06:19:00,2024-08-09 06:19:00,2024-08-13 06:19:00,2024-08-19 06:19:00
O00470,C00679,delivered,2024-03-09 03:07:00,2024-03-10 01:07:00,2024-03-11 01:07:00,2024-03-16 01:07:00,2024-03-14 01:07:00
O00471,C00547,delivered,2024-02-16 18:41:00,2024-02-16 19:41:00,2024-02-18 19:41:00,2024-02-26 19:41:00,2024-02-28 19:41:00
O00472,C00587,shipped,2024-04-03 02:10:00,2024-04-04 02:10:00,2024-04-06 02:10:00,,2024-04-13 02:10:00
O00473,C00301,delivered,2024-08-25 13:24:00,2024-08-25 23:24:00,2024-08-26 23:24:00,2024-08-27 23:24:00,2024-09-02 23:24:00
O00474,C00577,delivered,2024-07-22 19:54:00,2024-07-23 04:54:00,2024-07-24 04:54:00,2024-08-01 04:54:00,2024-07-29 04:54:00
O00475,C00672,delivered,2024-08-05 15:35:00,2024-08-06 01:35:00,2024-08-09 01:35:00,2024-08-10 01:35:00,2024-08-14 01:35:00
O00476,C00129,delivered,2024-12-06 16:25:00,2024-12-07 09:25:00,2024-12-08 09:25:00,2024-12-13 09:25:00,2024-12-15 09:25:00
O00477,C00287,delivered,2024-02-08 03:02:00,2024-02-08 12:02:00,2024-02-10 12:02:00,2024-02-11 12:02:00,2024-02-13 12:02:00
O00478,C00605,delivered,2024-04-09 16:22:00,2024-04-10 16:22:00,2024-04-11 16:22:00,2024-04-19 16:22:00,2024-04-19 16:22:00
O00479,C00267,delivered,2024-10-15 06:03:00,2024-10-16 05:03:00,2024-10-17 05:03:00,2024-10-25 05:03:00,2024-10-22 05:03:00
O00480,C00033,delivered,2024-09-10 00:38:00,2024-09-10 11:38:00,2024-09-11 11:38:00,2024-09-14 11:38:00,2024-09-16 11:38:00
O00481,C00422,delivered,2024-08-09 08:16:00,2024-08-09 21:16:00,2024-08-10 21:16:00,2024-08-18 21:16:00,2024-08-15 21:16:00
O00482,C00353,delivered,2024-12-22 22:52:00,2024-12-23 00:52:00,2024-12-26 00:52:00,2024-12-31 00:52:00,2024-12-28 00:52:00
O00483,C00475,delivered,2024-01-23 16:21:00,2024-01-24 05:21:00,2024-01-26 05:21:00,2024-01-31 05:21:00,2024-02-04 05:21:00
O00484,C00545,delivered,2024-09-06 15:20:00,2024-09-06 23:20:00,2024-09-08 23:20:00,2024-09-15 23:20:00,2024-09-17 23:20:00
O00485,C00543,delivered,2024-01-10 23:40:00,2024-01-11 13:40:00,2024-01-12 13:40:00,2024-01-17 13:40:00,2024-01-22 13:40:00
O00486,C00323,delivered,2024-09-02 12:01:00,2024-09-03 05:01:00,2024-09-06 05:01:00,2024-09-07 05:01:00,2024-09-08 05:01:00
O00487,C00652,delivered,2024-11-20 19:44:00,2024-11-21 07:44:00,2024-11-23 07:44:00,2024-11-28 07:44:00,2024-11-30 07:44:00
O00488,C00100,delivered,2024-04-09 00:15:00,2024-04-09 09:15:00,2024-04-12 09:15:00,2024-04-19 09:15:00,2024-04-20 09:15:00
O00489,C00247,delivered,2024-10-16 08:12:00,2024-10-17 08:12:00,2024-10-20 08:12:00,2024-10-24 08:12:00,2024-10-29 08:12:00
O00490,C00706,delivered,2024-06-28 18:51:00,2024-06-29 00:51:00,2024-07-01 00:51:00,2024-07-02 00:51:00,2024-07-03 00:51:00
O00491,C00012,delivered,2024-08-10 14:53:00,2024-08-11 04:53:00,2024-08-12 04:53:00,2024-08-14 04:53:00,2024-08-22 04:53:00
O00492,C00742,delivered,2024-09-06 05:10:00,2024-09-06 15:10:00,2024-09-08 15:10:00,2024-09-12 15:10:00,2024-09-10 15:10:00
O00493,C00094,delivered,2024-05-26 12:18:00,2024-05-26 14:18:00,2024-05-29 14:18:00,2024-06-02 14:18:00,2024-05-31 14:18:00
O00494,C00122,delivered,2024-04-05 19:53:00,2024-04-05 22:53:00,2024-04-08 22:53:00,2024-04-11 22:53:00,2024-04-15 22:53:00
O00495,C00663,delivered,2024-09-13 09:05:00,2024-09-14 04:05:00,2024-09-15 04:05:00,2024-09-17 04:05:00,2024-09-20 04:05:00
O00496,C00478,delivered,2024-11-20 06:53:00,2024-11-21 04:53:00,2024-11-22 04:53:00,2024-11-30 04:53:00,2024-11-29 04:53:00
O00497,C00708,delivered,2024-01-04 04:10:00,2024-01-05 02:10:00,2024-01-07 02:10:00,2024-01-12 02:10:00,2024-01-11 02:10:00
O00498,C00283,canceled,2024-01-16 12:38:00,2024-01-16 14:38:00,2024-01-18 14:38:00,,2024-01-25 14:38:00
O00499,C00264,delivered,2024-10-06 19:24:00,2024-10-07 04:24:00,2024-10-08 04:24:00,2024-10-16 04:24:00,2024-10-12 04:24:00
O00500,C00205,delivered,2024-12-01 21:37:00,2024-12-02 17:37:00,2024-12-04 17:37:00,2024-12-07 17:37:00,2024-12-13 17:37:00
O00501,C00553,delivered,2024-09-03 23:59:00,2024-09-04 13:59:00,2024-09-05 13:59:00,2024-09-07 13:59:00,2024-09-15 13:59:00
O00502,C00105,delivered,2024-09-14 17:42:00,2024-09-14 19:42:00,2024-09-15 19:42:00,2024-09-17 19:42:00,2024-09-22 19:42:00
O00503,C00019,delivered,2024-06-08 13:33:00,2024-06-09 05:33:00,2024-06-10 05:33:00,2024-06-11 05:33:00,2024-06-13 05:33:00
O00504,C00272,delivered,2024-12-05 00:28:00,2024-12-05 05:28:00,2024-12-08 05:28:00,2024-12-14 05:28:00,2024-12-15 05:28:00
O00505,C00527,delivered,2024-05-31 15:57:00,2024-06-01 14:57:00,2024-06-03 14:57:00,2024-06-11 14:57:00,2024-06-11 14:57:00
O00506,C00745,delivered,2024-06-26 07:56:00,2024-06-26 10:56:00,2024-06-29 10:56:00,2024-07-03 10:56:00,2024-06-30 10:56:00
O00507,C00705,delivered,2024-06-11 05:17:00,2024-06-11 21:17:00,2024-06-12 21:17:00,2024-06-18 21:17:00,2024-06-20 21:17:00
O00508,C00410,delivered,2024-02-02 04:04:00,2024-02-02 06:04:00,2024-02-05 06:04:00,2024-02-07 06:04:00,2024-02-11 06:04:00
O00509,C00348,delivered,2024-06-27 12:27:00,2024-06-27 15:27:00,2024-06-29 15:27:00,2024-07-04 15:27:00,2024-07-04 15:27:00
O00510,C00040,delivered,2024-04-10 11:36:00,2024-04-11 00:36:00,2024-04-14 00:36:00,2024-04-18 00:36:00,2024-04-19 00:36:00
O00511,C00109,delivered,2024-09-24 04:31:00,2024-09-25 01:31:00,2024-09-28 01:31:00,2024-10-04 01:31:00,2024-10-06 01:31:00
O00512,C00647,delivered,2024-11-18 21:02:00,2024-11-19 12:02:00,2024-11-22 12:02:00,2024-11-26 12:02:00,2024-11-25 12:02:00
O00513,C00025,delivered,2024-03-05 06:16:00,2024-03-06 06:16:00,2024-03-09 06:16:00,2024-03-13 06:16:00,2024-03-17 06:16:00
O00514,C00553,shipped,2024-06-16 04:25:00,2024-06-17 01:25:00,2024-06-19 01:25:00,,2024-06-29 01:25:00
O00515,C00460,delivered,2024-11-25 15:25:00,2024-11-25 16:25:00,2024-11-26 16:25:00,2024-12-02 16:25:00,2024-11-29 16:25:00
O00516,C00738,delivered,2024-02-12 15:20:00,2024-02-12 17:20:00,2024-02-14 17:20:00,2024-02-16 17:20:00,2024-02-19 17:20:00
O00517,C00683,shipped,2024-02-13 23:02:00,2024-02-14 16:02:00,2024-02-16 16:02:00,,2024-02-21 16:02:00
O00518,C00037,delivered,2024-10-11 05:39:00,2024-10-12 05:39:00,2024-10-13 05:39:00,2024-10-21 05:39:00,2024-10-16 05:39:00
O00519,C00633,delivered,2024-01-12 06:28:00,2024-01-12 08:28:00,2024-01-13 08:28:00,2024-01-16 08:28:00,2024-01-16 08:28:00
O00520,C00051,delivered,2024-04-04 09:36:00,2024-04-04 19:36:00,2024-04-05 19:36:00,2024-04-13 19:36:00,2024-04-10 19:36:00
O00521,C00065,delivered,2024-10-28 00:02:00,2024-10-28 04:02:00,2024-10-29 04:02:00,2024-11-06 04:02:00,2024-11-04 04:02:00
O00522,C00207,delivered,2024-09-09 19:25:00,2024-09-10 09:25:00,2024-09-12 09:25:00,2024-09-19 09:25:00,2024-09-19 09:25:00
O00523,C00700,delivered,2024-08-29 06:15:00,2024-08-30 01:15:00,2024-09-02 01:15:00,2024-09-05 01:15:00,2024-09-08 01:15:00
O00524,C00218,delivered,2024-02-04 05:23:00,2024-02-04 07:23:00,2024-02-07 07:23:00,2024-02-10 07:23:00,2024-02-13 07:23:00
O00525,C00280,delivered,2024-08-02 02:25:00,2024-08-02 07:25:00,2024-08-04 07:25:00,2024-08-07 07:25:00,2024-08-11 07:25:00
O00526,C00449,delivered,2024-12-02 04:52:00,2024-12-02 12:52:00,2024-12-05 12:52:00,2024-12-06 12:52:00,2024-12-08 12:52:00
O00527,C00647,delivered,2024-03-30 07:11:00,2024-03-31 03:11:00,2024-04-02 03:11:00,2024-04-05 03:11:00,2024-04-04 03:11:00
O00528,C00082,delivered,2024-09-20 11:44:00,2024-09-20 12:44:00,2024-09-21 12:44:00,2024-09-24 12:44:00,2024-09-25 12:44:00
O00529,C00607,delivered,2024-04-02 15:48:00,2024-04-03 01:48:00,2024-04-05 01:48:00,2024-04-13 01:48:00,2024-04-09 01:48:00
O00530,C00655,delivered,2024-03-30 09:44:00,2024-03-30 18:44:00,2024-04-02 18:44:00,2024-04-10 18:44:00,2024-04-09 18:44:00
O00531,C00178,delivered,2024-04-24 06:38:00,2024-04-25 02:38:00,2024-04-28 02:38:00,2024-04-29 02:38:00,2024-05-01 02:38:00
O00532,C00626,delivered,2024-04-14 13:36:00,2024-04-14 16:36:00,2024-04-17 16:36:00,2024-04-22 16:36:00,2024-04-23 16:36:00
O00533,C00571,shipped,2024-07-14 22:47:00,2024-07-15 06:47:00,2024-07-16 06:47:00,,2024-07-27 06:47:00
O00534,C00633,delivered,2024-11-09 16:03:00,2024-11-10 04:03:00,2024-11-13 04:03:00,2024-11-17 04:03:00,2024-11-21 04:03:00
O00535,C00675,delivered,2024-04-23 19:23:00,2024-04-24 02:23:00,2024-04-26 02:23:00,2024-04-27 02:23:00,2024-05-01 02:23:00
O00536,C00152,delivered,2024-03-15 03:06:00,2024-03-16 01:06:00,2024-03-18 01:06:00,2024-03-26 01:06:00,2024-03-22 01:06:00
O00537,C00044,delivered,2024-08-04 01:00:00,2024-08-04 03:00:00,2024-08-07 03:00:00,2024-08-13 03:00:00,2024-08-12 03:00:00
O00538,C00257,delivered,2024-10-03 15:38:00,2024-10-04 02:38:00,2024-10-07 02:38:00,2024-10-15 02:38:00,2024-10-08 02:38:00
O00539,C00053,delivered,2024-09-05 23:23:00,2024-09-06 17:23:00,2024-09-07 17:23:00,2024-09-10 17:23:00,2024-09-10 17:23:00
O00540,C00118,delivered,2024-06-12 11:49:00,2024-06-12 14:49:00,2024-06-13 14:49:00,2024-06-21 14:49:00,2024-06-21 14:49:00
O00541,C00693,delivered,2024-12-22 13:26:00,2024-12-23 00:26:00,2024-12-24 00:26:00,2024-12-26 00:26:00,2025-01-01 00:26:00
O00542,C00242,delivered,2024-07-10 22:22:00,2024-07-11 22:22:00,2024-07-13 22:22:00,2024-07-17 22:22:00,2024-07-21 22:22:00
O00543,C00075,delivered,2024-08-14 22:05:00,2024-08-15 14:05:00,2024-08-18 14:05:00,2024-08-26 14:05:00,2024-08-19 14:05:00
O00544,C00148,delivered,2024-06-25 22:47:00,2024-06-26 05:47:00,2024-06-29 05:47:00,2024-07-07 05:47:00,2024-07-02 05:47:00
O00545,C00139,shipped,2024-04-08 00:10:00,2024-04-08 15:10:00,2024-04-11 15:10:00,,2024-04-17 15:10:00
O00546,C00207,delivered,2024-02-05 18:05:00,2024-02-06 05:05:00,2024-02-07 05:05:00,2024-02-08 05:05:00,2024-02-10 05:05:00
O00547,C00113,delivered,2024-04-05 03:45:00,2024-04-05 18:45:00,2024-04-07 18:45:00,2024-04-14 18:45:00,2024-04-11 18:45:00
O00548,C00225,delivered,2024-05-31 19:36:00,2024-06-01 05:36:00,2024-06-04 05:36:00,2024-06-07 05:36:00,2024-06-07 05:36:00
O00549,C00566,delivered,2024-05-30 09:23:00,2024-05-30 17:23:00,2024-05-31 17:23:00,2024-06-07 17:23:00,2024-06-11 17:23:00
O00550,C00221,delivered,2024-07-08 12:51:00,2024-07-09 07:51:00,2024-07-11 07:51:00,2024-07-19 07:51:00,2024-07-17 07:51:00
O00551,C00438,delivered,2024-08-11 22:13:00,2024-08-12 22:13:00,2024-08-13 22:13:00,2024-08-17 22:13:00,2024-08-21 22:13:00
O00552,C00227,canceled,2024-02-06 14:44:00,2024-02-07 09:44:00,2024-02-08 09:44:00,,2024-02-17 09:44:00
O00553,C00041,delivered,2024-09-24 21:06:00,2024-09-25 13:06:00,2024-09-28 13:06:00,2024-09-29 13:06:00,2024-10-05 13:06:00
O00554,C00490,delivered,2024-07-01 23:09:00,2024-07-02 22:09:00,2024-07-03 22:09:00,2024-07-11 22:09:00,2024-07-13 22:09:00
O00555,C00571,delivered,2024-01-13 22:33:00,2024-01-13 23:33:00,2024-01-16 23:33:00,2024-01-23 23:33:00,2024-01-20 23:33:00
O00556,C00302,delivered,2024-10-05 18:50:00,2024-10-06 02:50:00,2024-10-09 02:50:00,2024-10-11 02:50:00,2024-10-10 02:50:00
O00557,C00312,shipped,2024-08-04 03:45:00,2024-08-04 09:45:00,2024-08-07 09:45:00,,2024-08-08 09:45:00
O00558,C00474,delivered,2024-12-20 13:44:00,2024-12-20 18:44:00,2024-12-23 18:44:00,2024-12-30 18:44:00,2024-12-26 18:44:00
O00559,C00379,delivered,2024-12-26 03:37:00,2024-12-27 00:37:00,2024-12-29 00:37:00,2024-12-30 00:37:00,2025-01-01 00:37:00
O00560,C00707,delivered,2024-10-12 15:36:00,2024-10-13 02:36:00,2024-10-16 02:36:00,2024-10-17 02:36:00,2024-10-21 02:36:00
O00561,C00276,delivered,2024-09-29 12:32:00,2024-09-30 11:32:00,2024-10-03 11:32:00,2024-10-07 11:32:00,2024-10-05 11:32:00
O00562,C00343,delivered,2024-03-02 08:25:00,2024-03-03 08:25:00,2024-03-04 08:25:00,2024-03-10 08:25:00,2024-03-07 08:25:00
O00563,C00374,delivered,2024-03-24 04:18:00,2024-03-24 19:18:00,2024-03-27 19:18:00,2024-03-28 19:18:00,2024-04-02 19:18:00
O00564,C00663,delivered,2024-08-04 00:53:00,2024-08-04 18:53:00,2024-08-07 18:53:00,2024-08-09 18:53:00,2024-08-16 18:53:00
O00565,C00209,delivered,2024-12-07 17:50:00,2024-12-07 22:50:00,2024-12-09 22:50:00,2024-12-13 22:50:00,2024-12-19 22:50:00
O00566,C00489,delivered,2024-07-05 12:06:00,2024-07-06 12:06:00,2024-07-09 12:06:00,2024-07-13 12:06:00,2024-07-13 12:06:00
O00567,C00273,delivered,2024-01-19 11:28:00,2024-01-20 04:28:00,2024-01-23 04:28:00,2024-01-30 04:28:00,2024-01-28 04:28:00
O00568,C00381,delivered,2024-06-25 18:42:00,2024-06-26 06:42:00,2024-06-28 06:42:00,2024-07-06 06:42:00,2024-07-08 06:42:00
O00569,C00125,delivered,2024-04-09 17:23:00,2024-04-10 09:23:00,2024-04-13 09:23:00,2024-04-18 09:23:00,2024-04-21 09:23:00
O00570,C00689,delivered,2024-08-20 06:58:00,2024-08-21 05:58:00,2024-08-22 05:58:00,2024-08-26 05:58:00,2024-09-01 05:58:00
O00571,C00400,delivered,2024-03-16 11:29:00,2024-03-16 17:29:00,2024-03-18 17:29:00,2024-03-20 17:29:00,2024-03-21 17:29:00
O00572,C00114,delivered,2024-09-21 14:09:00,2024-09-22 13:09:00,2024-09-23 13:09:00,2024-10-01 13:09:00,2024-09-28 13:09:00
O00573,C00533,shipped,2024-10-10 01:01:00,2024-10-10 22:01:00,2024-10-11 22:01:00,,2024-10-20 22:01:00
O00574,C00554,delivered,2024-07-24 19:28:00,2024-07-25 00:28:00,2024-07-27 00:28:00,2024-08-02 00:28:00,2024-08-04 00:28:00
O00575,C00660,delivered,2024-08-10 03:35:00,2024-08-10 04:35:00,2024-08-12 04:35:00,2024-08-16 04:35:00,2024-08-15 04:35:00
O00576,C00237,delivered,2024-02-21 00:02:00,2024-02-21 17:02:00,2024-02-24 17:02:00,2024-03-01 17:02:00,2024-03-02 17:02:00
O00577,C00671,delivered,2024-12-04 02:39:00,2024-12-04 23:39:00,2024-12-06 23:39:00,2024-12-14 23:39:00,2024-12-16 23:39:00
O00578,C00455,delivered,2024-05-23 13:00:00,2024-05-24 04:00:00,2024-05-26 04:00:00,2024-05-29 04:00:00,2024-06-01 04:00:00
O00579,C00266,delivered,2024-03-09 19:03:00,2024-03-10 03:03:00,2024-03-12 03:03:00,2024-03-18 03:03:00,2024-03-18 03:03:00
O00580,C00048,shipped,2024-04-08 14:52:00,2024-04-08 19:52:00,2024-04-10 19:52:00,,2024-04-19 19:52:00
O00581,C00633,shipped,2024-01-25 18:32:00,2024-01-26 00:32:00,2024-01-29 00:32:00,,2024-02-01 00:32:00
O00582,C00725,delivered,2024-02-22 05:28:00,2024-02-23 04:28:00,2024-02-26 04:28:00,2024-02-29 04:28:00,2024-02-29 04:28:00
O00583,C00042,delivered,2024-05-30 09:39:00,2024-05-30 20:39:00,2024-06-02 20:39:00,2024-06-05 20:39:00,2024-06-10 20:39:00
O00584,C00188,shipped,2024-05-23 23:00:00,2024-05-24 06:00:00,2024-05-27 06:00:00,,2024-06-02 06:00:00
O00585,C00151,delivered,2024-02-26 21:30:00,2024-02-27 09:30:00,2024-02-29 09:30:00,2024-03-03 09:30:00,2024-03-10 09:30:00
O00586,C00025,shipped,2024-02-08 15:51:00,2024-02-09 04:51:00,2024-02-11 04:51:00,,2024-02-20 04:51:00
O00587,C00159,delivered,2024-04-18 22:26:00,2024-04-18 23:26:00,2024-04-21 23:26:00,2024-04-27 23:26:00,2024-04-26 23:26:00
O00588,C00296,delivered,2024-06-29 10:34:00,2024-06-30 05:34:00,2024-07-03 05:34:00,2024-07-06 05:34:00,2024-07-11 05:34:00
O00589,C00115,delivered,2024-02-11 16:27:00,2024-02-12 16:27:00,2024-02-14 16:27:00,2024-02-15 16:27:00,2024-02-18 16:27:00
O00590,C00119,delivered,2024-07-04 20:18:00,2024-07-05 06:18:00,2024-07-06 06:18:00,2024-07-13 06:18:00,2024-07-12 06:18:00
O00591,C00094,delivered,2024-08-10 15:20:00,2024-08-11 02:20:00,2024-08-12 02:20:00,2024-08-16 02:20:00,2024-08-23 02:20:00
O00592,C00284,delivered,2024-05-01 12:17:00,2024-05-01 19:17:00,2024-05-02 19:17:00,2024-05-04 19:17:00,2024-05-13 19:17:00
O00593,C00693,delivered,2024-05-12 22:35:00,2024-05-13 20:35:00,2024-05-14 20:35:00,2024-05-21 20:35:00,2024-05-20 20:35:00
O00594,C00617,delivered,2024-06-11 02:49:00,2024-06-11 22:49:00,2024-06-14 22:49:00,2024-06-15 22:49:00,2024-06-20 22:49:00
O00595,C00733,delivered,2024-08-02 08:40:00,2024-08-02 22:40:00,2024-08-04 22:40:00,2024-08-11 22:40:00,2024-08-11 22:40:00
O00596,C00353,delivered,2024-08-08 00:39:00,2024-08-08 12:39:00,2024-08-10 12:39:00,2024-08-18 12:39:00,2024-08-20 12:39:00
O00597,C00745,delivered,2024-08-22 21:24:00,2024-08-23 12:24:00,2024-08-26 12:24:00,2024-09-02 12:24:00,2024-09-03 12:24:00
O00598,C00745,delivered,2024-11-26 23:38:00,2024-11-27 13:38:00,2024-11-30 13:38:00,2024-12-07 13:38:00,2024-12-03 13:38:00
O00599,C00612,delivered,2024-05-25 15:54:00,2024-05-25 18:54:00,2024-05-26 18:54:00,2024-05-30 18:54:00,2024-06-02 18:54:00
O00600,C00537,delivered,2024-08-26 20:49:00,2024-08-27 07:49:00,2024-08-28 07:49:00,2024-09-04 07:49:00,2024-09-01 07:49:00
O00601,C00654,delivered,2024-03-16 16:23:00,2024-03-17 01:23:00,2024-03-19 01:23:00,2024-03-22 01:23:00,2024-03-29 01:23:00
O00602,C00581,delivered,2024-01-09 19:07:00,2024-01-10 00:07:00,2024-01-11 00:07:00,2024-01-14 00:07:00,2024-01-20 00:07:00
O00603,C00502,delivered,2024-03-14 16:14:00,2024-03-14 18:14:00,2024-03-16 18:14:00,2024-03-21 18:14:00,2024-03-25 18:14:00
O00604,C00474,delivered,2024-09-09 00:37:00,2024-09-09 08:37:00,2024-09-10 08:37:00,2024-09-11 08:37:00,2024-09-15 08:37:00
O00605,C00655,delivered,2024-08-17 05:27:00,2024-08-18 02:27:00,2024-08-20 02:27:00,2024-08-22 02:27:00,2024-08-26 02:27:00
O00606,C00503,delivered,2024-01-07 21:14:00,2024-01-08 20:14:00,2024-01-11 20:14:00,2024-01-15 20:14:00,2024-01-12 20:14:00
O00607,C00283,delivered,2024-06-22 19:59:00,2024-06-23 11:59:00,2024-06-24 11:59:00,2024-06-30 11:59:00,2024-07-04 11:59:00
O00608,C00264,delivered,2024-05-20 15:13:00,2024-05-21 12:13:00,2024-05-24 12:13:00,2024-06-01 12:13:00,2024-05-26 12:13:00
O00609,C00589,delivered,2024-06-16 07:33:00,2024-06-16 08:33:00,2024-06-18 08:33:00,2024-06-21 08:33:00,2024-06-20 08:33:00
O00610,C00472,delivered,2024-06-18 00:36:00,2024-06-18 23:36:00,2024-06-19 23:36:00,2024-06-25 23:36:00,2024-06-24 23:36:00
O00611,C00369,delivered,2024-10-09 22:19:00,2024-10-10 12:19:00,2024-10-13 12:19:00,2024-10-19 12:19:00,2024-10-14 12:19:00
O00612,C00542,delivered,2024-05-01 16:12:00,2024-05-02 13:12:00,2024-05-03 13:12:00,2024-05-07 13:12:00,2024-05-08 13:12:00
O00613,C00613,delivered,2024-07-12 13:15:00,2024-07-12 19:15:00,2024-07-15 19:15:00,2024-07-21 19:15:00,2024-07-21 19:15:00
O00614,C00701,delivered,2024-01-05 16:12:00,2024-01-06 02:12:00,2024-01-08 02:12:00,2024-01-14 02:12:00,2024-01-11 02:12:00
O00615,C00360,delivered,2024-01-29 09:52:00,2024-01-29 14:52:00,2024-01-30 14:52:00,2024-02-02 14:52:00,2024-02-10 14:52:00
O00616,C00496,delivered,2024-06-13 18:57:00,2024-06-14 08:57:00,2024-06-16 08:57:00,2024-06-19 08:57:00,2024-06-19 08:57:00
O00617,C00515,delivered,2024-12-04 17:43:00,2024-12-05 01:43:00,2024-12-06 01:43:00,2024-12-08 01:43:00,2024-12-15 01:43:00
O00618,C00078,delivered,2024-05-15 22:04:00,2024-05-16 02:04:00,2024-05-17 02:04:00,2024-05-18 02:04:00,2024-05-27 02:04:00
O00619,C00707,delivered,2024-12-30 03:43:00,2024-12-30 15:43:00,2024-12-31 15:43:00,2025-01-08 15:43:00,2025-01-11 15:43:00
O00620,C00350,delivered,2024-11-16 05:17:00,2024-11-16 11:17:00,2024-11-19 11:17:00,2024-11-24 11:17:00,2024-11-20 11:17:00
O00621,C00121,delivered,2024-12-07 05:48:00,2024-12-07 13:48:00,2024-12-08 13:48:00,2024-12-11 13:48:00,2024-12-14 13:48:00
O00622,C00214,delivered,2024-05-24 01:54:00,2024-05-24 06:54:00,2024-05-25 06:54:00,2024-06-01 06:54:00,2024-05-29 06:54:00
O00623,C00495,delivered,2024-11-22 11:37:00,2024-11-23 01:37:00,2024-11-24 01:37:00,2024-11-28 01:37:00,2024-11-28 01:37:00
O00624,C00675,delivered,2024-08-04 22:26:00,2024-08-05 15:26:00,2024-08-08 15:26:00,2024-08-09 15:26:00,2024-08-16 15:26:00
O00625,C00259,delivered,2024-10-27 17:43:00,2024-10-27 19:43:00,2024-10-28 19:43:00,2024-11-02 19:43:00,2024-10-31 19:43:00
O00626,C00126,delivered,2024-05-11 00:39:00,2024-05-11 20:39:00,2024-05-12 20:39:00,2024-05-16 20:39:00,2024-05-17 20:39:00
O00627,C00029,delivered,2024-10-18 21:52:00,2024-10-19 00:52:00,2024-10-20 00:52:00,2024-10-25 00:52:00,2024-10-28 00:52:00
O00628,C00512,delivered,2024-03-10 21:25:00,2024-03-11 21:25:00,2024-03-14 21:25:00,2024-03-18 21:25:00,2024-03-23 21:25:00
O00629,C00101,shipped,2024-09-08 03:35:00,2024-09-08 22:35:00,2024-09-09 22:35:00,,2024-09-15 22:35:00
O00630,C00175,shipped,2024-10-01 19:30:00,2024-10-02 13:30:00,2024-10-03 13:30:00,,2024-10-09 13:30:00
O00631,C00724,delivered,2024-12-29 05:35:00,2024-12-29 21:35:00,2024-12-31 21:35:00,2025-01-03 21:35:00,2025-01-09 21:35:00
O00632,C00109,delivered,2024-06-30 19:51:00,2024-07-01 01:51:00,2024-07-03 01:51:00,2024-07-10 01:51:00,2024-07-11 01:51:00
O00633,C00233,delivered,2024-06-15 01:31:00,2024-06-15 15:31:00,2024-06-16 15:31:00,2024-06-22 15:31:00,2024-06-20 15:31:00
O00634,C00532,delivered,2024-03-31 05:52:00,2024-03-31 10:52:00,2024-04-02 10:52:00,2024-04-08 10:52:00,2024-04-08 10:52:00
O00635,C00041,delivered,2024-07-20 09:30:00,2024-07-20 12:30:00,2024-07-22 12:30:00,2024-07-30 12:30:00,2024-07-25 12:30:00
O00636,C00467,delivered,2024-12-11 13:35:00,2024-12-12 09:35:00,2024-12-15 09:35:00,2024-12-20 09:35:00,2024-12-23 09:35:00
O00637,C00417,delivered,2024-01-19 13:00:00,2024-01-19 23:00:00,2024-01-21 23:00:00,2024-01-25 23:00:00,2024-01-24 23:00:00
O00638,C00487,canceled,2024-02-08 06:02:00,2024-02-09 04:02:00,2024-02-11 04:02:00,,2024-02-13 04:02:00
O00639,C00503,delivered,2024-05-05 09:16:00,2024-05-06 07:16:00,2024-05-07 07:16:00,2024-05-14 07:16:00,2024-05-17 07:16:00
O00640,C00692,delivered,2024-06-21 22:48:00,2024-06-22 01:48:00,2024-06-23 01:48:00,2024-06-26 01:48:00,2024-07-02 01:48:00
O00641,C00604,delivered,2024-05-20 19:53:00,2024-05-20 23:53:00,2024-05-23 23:53:00,2024-05-26 23:53:00,2024-05-25 23:53:00
O00642,C00203,delivered,2024-08-29 05:55:00,2024-08-29 16:55:00,2024-08-30 16:55:00,2024-09-06 16:55:00,2024-09-03 16:55:00
O00643,C00434,delivered,2024-08-07 03:10:00,2024-08-08 03:10:00,2024-08-10 03:10:00,2024-08-15 03:10:00,2024-08-16 03:10:00
O00644,C00659,canceled,2024-05-05 07:01:00,2024-05-05 20:01:00,2024-05-07 20:01:00,,2024-05-15 20:01:00
O00645,C00523,delivered,2024-02-27 11:39:00,2024-02-27 20:39:00,2024-02-28 20:39:00,2024-03-07 20:39:00,2024-03-03 20:39:00
O00646,C00501,delivered,2024-05-27 00:06:00,2024-05-27 16:06:00,2024-05-28 16:06:00,2024-05-31 16:06:00,2024-05-31 16:06:00
O00647,C00054,delivered,2024-11-12 02:12:00,2024-11-12 05:12:00,2024-11-14 05:12:00,2024-11-15 05:12:00,2024-11-18 05:12:00
O00648,C00695,delivered,2024-12-26 09:16:00,2024-12-26 20:16:00,2024-12-27 20:16:00,2025-01-01 20:16:00,2024-12-31 20:16:00
O00649,C00676,delivered,2024-01-01 13:45:00,2024-01-02 06:45:00,2024-01-04 06:45:00,2024-01-12 06:45:00,2024-01-09 06:45:00
O00650,C00509,delivered,2024-12-13 12:40:00,2024-12-14 04:40:00,2024-12-17 04:40:00,2024-12-22 04:40:00,2024-12-26 04:40:00
O00651,C00553,delivered,2024-07-08 17:34:00,2024-07-09 11:34:00,2024-07-10 11:34:00,2024-07-11 11:34:00,2024-07-19 11:34:00
O00652,C00121,delivered,2024-07-09 08:54:00,2024-07-09 21:54:00,2024-07-11 21:54:00,2024-07-17 21:54:00,2024-07-19 21:54:00
O00653,C00036,delivered,2024-11-07 07:05:00,2024-11-07 09:05:00,2024-11-08 09:05:00,2024-11-13 09:05:00,2024-11-13 09:05:00
O00654,C00137,delivered,2024-04-26 23:37:00,2024-04-27 09:37:00,2024-04-30 09:37:00,2024-05-07 09:37:00,2024-05-08 09:37:00
O00655,C00582,delivered,2024-05-13 11:11:00,2024-05-14 09:11:00,2024-05-16 09:11:00,2024-05-24 09:11:00,2024-05-25 09:11:00
O00656,C00160,delivered,2024-02-27 06:02:00,2024-02-27 23:02:00,2024-02-28 23:02:00,2024-03-06 23:02:00,2024-03-06 23:02:00
O00657,C00386,delivered,2024-02-13 01:21:00,2024-02-13 21:21:00,2024-02-16 21:21:00,2024-02-22 21:21:00,2024-02-21 21:21:00
O00658,C00028,delivered,2024-06-21 05:55:00,2024-06-22 00:55:00,2024-06-23 00:55:00,2024-06-26 00:55:00,2024-07-01 00:55:00
O00659,C00597,delivered,2024-06-08 21:21:00,2024-06-08 22:21:00,2024-06-11 22:21:00,2024-06-17 22:21:00,2024-06-18 22:21:00
O00660,C00353,delivered,2024-06-21 09:48:00,2024-06-21 21:48:00,2024-06-23 21:48:00,2024-06-29 21:48:00,2024-06-25 21:48:00
O00661,C00253,delivered,2024-11-12 04:54:00,2024-11-12 12:54:00,2024-11-15 12:54:00,2024-11-20 12:54:00,2024-11-17 12:54:00
O00662,C00067,delivered,2024-10-29 20:47:00,2024-10-30 06:47:00,2024-10-31 06:47:00,2024-11-06 06:47:00,2024-11-05 06:47:00
O00663,C00333,delivered,2024-05-28 17:49:00,2024-05-28 19:49:00,2024-05-30 19:49:00,2024-06-06 19:49:00,2024-06-09 19:49:00
O00664,C00273,canceled,2024-03-20 18:56:00,2024-03-20 19:56:00,2024-03-23 19:56:00,,2024-03-24 19:56:00
O00665,C00386,delivered,2024-07-31 20:56:00,2024-08-01 15:56:00,2024-08-03 15:56:00,2024-08-09 15:56:00,2024-08-06 15:56:00
O00666,C00102,delivered,2024-07-21 00:16:00,2024-07-21 23:16:00,2024-07-24 23:16:00,2024-07-28 23:16:00,2024-07-30 23:16:00
O00667,C00683,shipped,2024-09-08 05:59:00,2024-09-08 16:59:00,2024-09-09 16:59:00,,2024-09-17 16:59:00
O00668,C00206,delivered,2024-08-16 20:46:00,2024-08-17 12:46:00,2024-08-20 12:46:00,2024-08-22 12:46:00,2024-08-29 12:46:00
O00669,C00271,delivered,2024-06-12 14:25:00,2024-06-12 16:25:00,2024-06-14 16:25:00,2024-06-21 16:25:00,2024-06-19 16:25:00
O00670,C00094,delivered,2024-08-14 11:39:00,2024-08-15 10:39:00,2024-08-18 10:39:00,2024-08-20 10:39:00,2024-08-24 10:39:00
O00671,C00580,delivered,2024-05-26 07:27:00,2024-05-27 00:27:00,2024-05-29 00:27:00,2024-06-05 00:27:00,2024-06-03 00:27:00
O00672,C00078,delivered,2024-01-20 14:15:00,2024-01-21 11:15:00,2024-01-23 11:15:00,2024-01-28 11:15:00,2024-01-31 11:15:00
O00673,C00320,delivered,2024-02-16 06:04:00,2024-02-16 13:04:00,2024-02-18 13:04:00,2024-02-25 13:04:00,2024-02-24 13:04:00
O00674,C00464,delivered,2024-08-20 11:14:00,2024-08-21 09:14:00,2024-08-24 09:14:00,2024-08-27 09:14:00,2024-08-25 09:14:00
O00675,C00528,delivered,2024-10-31 16:47:00,2024-10-31 22:47:00,2024-11-03 22:47:00,2024-11-11 22:47:00,2024-11-07 22:47:00
O00676,C00478,delivered,2024-01-14 22:29:00,2024-01-15 07:29:00,2024-01-18 07:29:00,2024-01-25 07:29:00,2024-01-19 07:29:00
O00677,C00373,delivered,2024-05-22 07:46:00,2024-05-22 22:46:00,2024-05-23 22:46:00,2024-05-27 22:46:00,2024-05-28 22:46:00
O00678,C00307,delivered,2024-01-01 06:53:00,2024-01-01 20:53:00,2024-01-03 20:53:00,2024-01-09 20:53:00,2024-01-06 20:53:00
O00679,C00422,delivered,2024-02-23 09:45:00,2024-02-23 18:45:00,2024-02-25 18:45:00,2024-02-28 18:45:00,2024-03-02 18:45:00
O00680,C00241,delivered,2024-09-15 20:56:00,2024-09-16 09:56:00,2024-09-17 09:56:00,2024-09-19 09:56:00,2024-09-22 09:56:00
O00681,C00251,canceled,2024-05-23 20:47:00,2024-05-24 06:47:00,2024-05-26 06:47:00,,2024-06-05 06:47:00
O00682,C00432,delivered,2024-01-12 16:33:00,2024-01-13 13:33:00,2024-01-14 13:33:00,2024-01-18 13:33:00,2024-01-19 13:33:00
O00683,C00029,shipped,2024-11-25 23:55:00,2024-11-26 08:55:00,2024-11-28 08:55:00,,2024-11-30 08:55:00
O00684,C00497,delivered,2024-08-11 09:31:00,2024-08-11 10:31:00,2024-08-12 10:31:00,2024-08-14 10:31:00,2024-08-20 10:31:00
O00685,C00065,shipped,2024-09-28 05:34:00,2024-09-28 19:34:00,2024-09-30 19:34:00,,2024-10-08 19:34:00
O00686,C00741,shipped,2024-12-23 20:45:00,2024-12-24 01:45:00,2024-12-25 01:45:00,,2025-01-05 01:45:00
O00687,C00534,delivered,2024-06-04 00:36:00,2024-06-04 22:36:00,2024-06-07 22:36:00,2024-06-12 22:36:00,2024-06-15 22:36:00
O00688,C00243,delivered,2024-01-08 16:28:00,2024-01-09 12:28:00,2024-01-10 12:28:00,2024-01-16 12:28:00,2024-01-18 12:28:00
O00689,C00399,delivered,2024-05-01 04:37:00,2024-05-02 04:37:00,2024-05-05 04:37:00,2024-05-09 04:37:00,2024-05-12 04:37:00
O00690,C00109,delivered,2024-12-13 20:19:00,2024-12-14 02:19:00,2024-12-15 02:19:00,2024-12-20 02:19:00,2024-12-25 02:19:00
O00691,C00603,delivered,2024-06-12 15:15:00,2024-06-12 17:15:00,2024-06-14 17:15:00,2024-06-20 17:15:00,2024-06-17 17:15:00
O00692,C00433,delivered,2024-03-30 08:03:00,2024-03-31 00:03:00,2024-04-03 00:03:00,2024-04-07 00:03:00,2024-04-08 00:03:00
O00693,C00148,delivered,2024-05-15 21:05:00,2024-05-16 09:05:00,2024-05-18 09:05:00,2024-05-24 09:05:00,2024-05-24 09:05:00
O00694,C00620,delivered,2024-07-04 22:27:00,2024-07-05 00:27:00,2024-07-08 00:27:00,2024-07-09 00:27:00,2024-07-12 00:27:00
O00695,C00393,delivered,2024-11-11 12:10:00,2024-11-11 22:10:00,2024-11-14 22:10:00,2024-11-20 22:10:00,2024-11-16 22:10:00
O00696,C00242,shipped,2024-06-26 03:11:00,2024-06-26 18:11:00,2024-06-28 18:11:00,,2024-07-06 18:11:00
O00697,C00261,delivered,2024-01-28 17:20:00,2024-01-29 03:20:00,2024-01-30 03:20:00,2024-02-03 03:20:00,2024-02-06 03:20:00
O00698,C00164,delivered,2024-08-07 08:43:00,2024-08-07 23:43:00,2024-08-10 23:43:00,2024-08-16 23:43:00,2024-08-17 23:43:00
O00699,C00280,shipped,2024-12-22 15:17:00,2024-12-22 18:17:00,2024-12-24 18:17:00,,2025-01-01 18:17:00
O00700,C00340,delivered,2024-02-10 06:40:00,2024-02-11 05:40:00,2024-02-13 05:40:00,2024-02-15 05:40:00,2024-02-17 05:40:00
O00701,C00518,delivered,2024-08-15 14:45:00,2024-08-15 17:45:00,2024-08-17 17:45:00,2024-08-24 17:45:00,2024-08-27 17:45:00
O00702,C00464,delivered,2024-07-10 11:44:00,2024-07-11 10:44:00,2024-07-12 10:44:00,2024-07-13 10:44:00,2024-07-17 10:44:00
O00703,C00656,delivered,2024-05-24 00:21:00,2024-05-24 05:21:00,2024-05-25 05:21:00,2024-06-01 05:21:00,2024-05-31 05:21:00
O00704,C00321,delivered,2024-07-19 07:53:00,2024-07-20 02:53:00,2024-07-21 02:53:00,2024-07-23 02:53:00,2024-07-26 02:53:00
O00705,C00730,delivered,2024-07-30 19:03:00,2024-07-31 16:03:00,2024-08-01 16:03:00,2024-08-08 16:03:00,2024-08-09 16:03:00
O00706,C00136,delivered,2024-08-07 03:29:00,2024-08-07 12:29:00,2024-08-08 12:29:00,2024-08-14 12:29:00,2024-08-15 12:29:00
O00707,C00424,shipped,2024-08-27 05:05:00,2024-08-27 17:05:00,2024-08-28 17:05:00,,2024-09-06 17:05:00
O00708,C00584,delivered,2024-02-15 21:33:00,2024-02-16 05:33:00,2024-02-17 05:33:00,2024-02-18 05:33:00,2024-02-28 05:33:00
O00709,C00641,delivered,2024-02-04 11:43:00,2024-02-04 19:43:00,2024-02-05 19:43:00,2024-02-13 19:43:00,2024-02-11 19:43:00
O00710,C00172,delivered,2024-09-09 11:26:00,2024-09-09 13:26:00,2024-09-11 13:26:00,2024-09-18 13:26:00,2024-09-17 13:26:00
O00711,C00376,delivered,2024-03-22 04:44:00,2024-03-22 10:44:00,2024-03-25 10:44:00,2024-03-27 10:44:00,2024-03-26 10:44:00
O00712,C00445,delivered,2024-09-12 11:55:00,2024-09-13 02:55:00,2024-09-16 02:55:00,2024-09-24 02:55:00,2024-09-18 02:55:00
O00713,C00208,delivered,2024-07-15 12:42:00,2024-07-15 19:42:00,2024-07-17 19:42:00,2024-07-22 19:42:00,2024-07-26 19:42:00
O00714,C00441,delivered,2024-10-29 20:50:00,2024-10-30 03:50:00,2024-11-02 03:50:00,2024-11-06 03:50:00,2024-11-07 03:50:00
O00715,C00193,delivered,2024-01-10 15:47:00,2024-01-11 05:47:00,2024-01-12 05:47:00,2024-01-19 05:47:00,2024-01-17 05:47:00
O00716,C00268,delivered,2024-11-07 06:20:00,2024-11-07 14:20:00,2024-11-10 14:20:00,2024-11-18 14:20:00,2024-11-14 14:20:00
O00717,C00700,delivered,2024-10-12 07:39:00,2024-10-13 04:39:00,2024-10-15 04:39:00,2024-10-17 04:39:00,2024-10-17 04:39:00
O00718,C00331,delivered,2024-08-29 17:10:00,2024-08-30 16:10:00,2024-09-01 16:10:00,2024-09-05 16:10:00,2024-09-09 16:10:00
O00719,C00611,delivered,2024-09-07 00:28:00,2024-09-07 09:28:00,2024-09-08 09:28:00,2024-09-10 09:28:00,2024-09-19 09:28:00
O00720,C00340,delivered,2024-12-30 15:06:00,2024-12-30 23:06:00,2025-01-01 23:06:00,2025-01-07 23:06:00,2025-01-03 23:06:00
O00721,C00516,delivered,2024-01-05 17:36:00,2024-01-06 13:36:00,2024-01-08 13:36:00,2024-01-13 13:36:00,2024-01-16 13:36:00
O00722,C00135,delivered,2024-04-28 14:38:00,2024-04-29 08:38:00,2024-04-30 08:38:00,2024-05-03 08:38:00,2024-05-07 08:38:00
O00723,C00504,delivered,2024-10-15 01:18:00,2024-10-15 12:18:00,2024-10-17 12:18:00,2024-10-20 12:18:00,2024-10-20 12:18:00
O00724,C00543,delivered,2024-03-05 15:46:00,2024-03-06 05:46:00,2024-03-07 05:46:00,2024-03-12 05:46:00,2024-03-11 05:46:00
O00725,C00130,delivered,2024-05-25 07:38:00,2024-05-25 23:38:00,2024-05-27 23:38:00,2024-06-02 23:38:00,2024-06-04 23:38:00
O00726,C00269,delivered,2024-08-11 09:29:00,2024-08-12 05:29:00,2024-08-14 05:29:00,2024-08-20 05:29:00,2024-08-22 05:29:00
O00727,C00323,delivered,2024-08-26 12:17:00,2024-08-27 12:17:00,2024-08-29 12:17:00,2024-09-01 12:17:00,2024-09-08 12:17:00
O00728,C00673,delivered,2024-06-25 21:48:00,2024-06-26 18:48:00,2024-06-28 18:48:00,2024-06-29 18:48:00,2024-07-03 18:48:00
O00729,C00235,delivered,2024-09-23 08:35:00,2024-09-23 14:35:00,2024-09-24 14:35:00,2024-10-02 14:35:00,2024-10-01 14:35:00
O00730,C00478,delivered,2024-12-06 18:42:00,2024-12-07 08:42:00,2024-12-08 08:42:00,2024-12-16 08:42:00,2024-12-11 08:42:00
O00731,C00726,delivered,2024-10-08 06:36:00,2024-10-09 00:36:00,2024-10-11 00:36:00,2024-10-19 00:36:00,2024-10-20 00:36:00
O00732,C00737,delivered,2024-03-03 00:38:00,2024-03-03 05:38:00,2024-03-04 05:38:00,2024-03-10 05:38:00,2024-03-08 05:38:00
O00733,C00290,delivered,2024-08-04 21:34:00,2024-08-05 03:34:00,2024-08-06 03:34:00,2024-08-11 03:34:00,2024-08-12 03:34:00
O00734,C00004,shipped,2024-12-07 14:46:00,2024-12-08 07:46:00,2024-12-11 07:46:00,,2024-12-18 07:46:00
O00735,C00252,delivered,2024-11-10 13:16:00,2024-11-11 05:16:00,2024-11-14 05:16:00,2024-11-16 05:16:00,2024-11-20 05:16:00
O00736,C00697,delivered,2024-10-09 02:36:00,2024-10-10 00:36:00,2024-10-11 00:36:00,2024-10-18 00:36:00,2024-10-19 00:36:00
O00737,C00108,delivered,2024-06-25 18:18:00,2024-06-26 05:18:00,2024-06-27 05:18:00,2024-06-28 05:18:00,2024-07-01 05:18:00
O00738,C00724,delivered,2024-04-07 14:43:00,2024-04-08 12:43:00,2024-04-10 12:43:00,2024-04-18 12:43:00,2024-04-16 12:43:00
O00739,C00005,shipped,2024-04-14 19:13:00,2024-04-15 06:13:00,2024-04-16 06:13:00,,2024-04-24 06:13:00
O00740,C00582,delivered,2024-04-08 16:13:00,2024-04-08 21:13:00,2024-04-09 21:13:00,2024-04-10 21:13:00,2024-04-16 21:13:00
O00741,C00056,delivered,2024-11-06 18:27:00,2024-11-07 18:27:00,2024-11-08 18:27:00,2024-11-15 18:27:00,2024-11-12 18:27:00
O00742,C00182,delivered,2024-01-06 17:25:00,2024-01-07 01:25:00,2024-01-09 01:25:00,2024-01-11 01:25:00,2024-01-11 01:25:00
O00743,C00166,delivered,2024-07-15 14:08:00,2024-07-16 03:08:00,2024-07-18 03:08:00,2024-07-23 03:08:00,2024-07-22 03:08:00
O00744,C00502,delivered,2024-12-16 23:25:00,2024-12-17 13:25:00,2024-12-20 13:25:00,2024-12-25 13:25:00,2024-12-23 13:25:00
O00745,C00098,delivered,2024-05-12 12:27:00,2024-05-13 00:27:00,2024-05-16 00:27:00,2024-05-20 00:27:00,2024-05-24 00:27:00
O00746,C00397,delivered,2024-12-23 16:28:00,2024-12-24 08:28:00,2024-12-26 08:28:00,2025-01-02 08:28:00,2024-12-29 08:28:00
O00747,C00377,delivered,2024-09-15 00:20:00,2024-09-15 20:20:00,2024-09-16 20:20:00,2024-09-23 20:20:00,2024-09-25 20:20:00
O00748,C00525,shipped,2024-01-23 05:02:00,2024-01-23 16:02:00,2024-01-25 16:02:00,,2024-01-29 16:02:00
O00749,C00539,delivered,2024-02-22 14:28:00,2024-02-23 11:28:00,2024-02-26 11:28:00,2024-02-28 11:28:00,2024-03-02 11:28:00
O00750,C00081,delivered,2024-06-13 01:23:00,2024-06-13 17:23:00,2024-06-15 17:23:00,2024-06-18 17:23:00,2024-06-19 17:23:00
O00751,C00307,delivered,2024-07-20 23:30:00,2024-07-21 07:30:00,2024-07-24 07:30:00,2024-07-31 07:30:00,2024-07-29 07:30:00
O00752,C00564,delivered,2024-03-23 21:20:00,2024-03-24 00:20:00,2024-03-25 00:20:00,2024-03-27 00:20:00,2024-04-05 00:20:00
O00753,C00096,delivered,2024-05-24 09:29:00,2024-05-25 00:29:00,2024-05-28 00:29:00,2024-06-02 00:29:00,2024-06-03 00:29:00
O00754,C00083,delivered,2024-03-25 15:33:00,2024-03-26 08:33:00,2024-03-27 08:33:00,2024-03-29 08:33:00,2024-04-06 08:33:00
O00755,C00186,delivered,2024-03-18 19:45:00,2024-03-19 08:45:00,2024-03-20 08:45:00,2024-03-22 08:45:00,2024-03-29 08:45:00
O00756,C00304,delivered,2024-12-31 19:46:00,2025-01-01 06:46:00,2025-01-04 06:46:00,2025-01-12 06:46:00,2025-01-12 06:46:00
O00757,C00271,delivered,2024-01-01 16:48:00,2024-01-02 03:48:00,2024-01-03 03:48:00,2024-01-07 03:48:00,2024-01-08 03:48:00
O00758,C00618,delivered,2024-02-20 13:12:00,2024-02-20 22:12:00,2024-02-23 22:12:00,2024-02-25 22:12:00,2024-03-01 22:12:00
O00759,C00005,delivered,2024-06-21 13:11:00,2024-06-22 02:11:00,2024-06-23 02:11:00,2024-06-24 02:11:00,2024-06-28 02:11:00
O00760,C00471,delivered,2024-07-23 21:34:00,2024-07-24 20:34:00,2024-07-26 20:34:00,2024-08-03 20:34:00,2024-08-01 20:34:00
O00761,C00631,delivered,2024-09-16 08:11:00,2024-09-16 20:11:00,2024-09-19 20:11:00,2024-09-26 20:11:00,2024-09-24 20:11:00
O00762,C00138,delivered,2024-10-14 03:27:00,2024-10-14 04:27:00,2024-10-15 04:27:00,2024-10-17 04:27:00,2024-10-18 04:27:00
O00763,C00192,delivered,2024-02-03 18:03:00,2024-02-03 19:03:00,2024-02-04 19:03:00,2024-02-12 19:03:00,2024-02-09 19:03:00
O00764,C00446,delivered,2024-12-13 07:09:00,2024-12-14 04:09:00,2024-12-17 04:09:00,2024-12-21 04:09:00,2024-12-19 04:09:00
O00765,C00474,delivered,2024-04-04 16:24:00,2024-04-04 21:24:00,2024-04-06 21:24:00,2024-04-13 21:24:00,2024-04-08 21:24:00
O00766,C00156,delivered,2024-03-12 22:12:00,2024-03-13 22:12:00,2024-03-16 22:12:00,2024-03-24 22:12:00,2024-03-24 22:12:00
O00767,C00460,delivered,2024-02-08 08:39:00,2024-02-09 03:39:00,2024-02-10 03:39:00,2024-02-14 03:39:00,2024-02-17 03:39:00
O00768,C00401,delivered,2024-06-02 09:50:00,2024-06-02 11:50:00,2024-06-04 11:50:00,2024-06-05 11:50:00,2024-06-07 11:50:00
O00769,C00730,canceled,2024-09-06 17:30:00,2024-09-07 07:30:00,2024-09-09 07:30:00,,2024-09-19 07:30:00
O00770,C00037,delivered,2024-06-10 03:18:00,2024-06-10 19:18:00,2024-06-12 19:18:00,2024-06-20 19:18:00,2024-06-22 19:18:00
O00771,C00626,delivered,2024-04-27 06:26:00,2024-04-28 04:26:00,2024-04-30 04:26:00,2024-05-04 04:26:00,2024-05-02 04:26:00
O00772,C00432,delivered,2024-09-15 05:48:00,2024-09-16 00:48:00,2024-09-18 00:48:00,2024-09-20 00:48:00,2024-09-24 00:48:00
O00773,C00427,delivered,2024-11-01 15:59:00,2024-11-02 07:59:00,2024-11-03 07:59:00,2024-11-11 07:59:00,2024-11-11 07:59:00
O00774,C00446,delivered,2024-09-24 11:32:00,2024-09-24 12:32:00,2024-09-25 12:32:00,2024-09-30 12:32:00,2024-10-01 12:32:00
O00775,C00448,shipped,2024-02-23 06:17:00,2024-02-23 14:17:00,2024-02-26 14:17:00,,2024-03-03 14:17:00
O00776,C00732,delivered,2024-08-23 14:58:00,2024-08-24 12:58:00,2024-08-26 12:58:00,2024-08-29 12:58:00,2024-09-01 12:58:00
O00777,C00399,delivered,2024-08-09 15:15:00,2024-08-10 05:15:00,2024-08-13 05:15:00,2024-08-19 05:15:00,2024-08-21 05:15:00
O00778,C00165,delivered,2024-09-07 08:46:00,2024-09-08 04:46:00,2024-09-09 04:46:00,2024-09-14 04:46:00,2024-09-13 04:46:00
O00779,C00132,delivered,2024-11-08 19:36:00,2024-11-09 01:36:00,2024-11-10 01:36:00,2024-11-13 01:36:00,2024-11-20 01:36:00
O00780,C00425,delivered,2024-04-21 12:13:00,2024-04-22 04:13:00,2024-04-24 04:13:00,2024-04-28 04:13:00,2024-04-29 04:13:00
O00781,C00018,delivered,2024-09-11 03:25:00,2024-09-11 15:25:00,2024-09-13 15:25:00,2024-09-19 15:25:00,2024-09-17 15:25:00
O00782,C00515,delivered,2024-10-29 07:34:00,2024-10-29 09:34:00,2024-10-30 09:34:00,2024-11-05 09:34:00,2024-11-08 09:34:00
O00783,C00232,delivered,2024-07-25 21:36:00,2024-07-26 01:36:00,2024-07-29 01:36:00,2024-08-02 01:36:00,2024-08-06 01:36:00
O00784,C00348,delivered,2024-08-16 20:59:00,2024-08-17 08:59:00,2024-08-18 08:59:00,2024-08-23 08:59:00,2024-08-23 08:59:00
O00785,C00527,shipped,2024-12-06 08:40:00,2024-12-07 04:40:00,2024-12-10 04:40:00,,2024-12-11 04:40:00
O00786,C00448,delivered,2024-03-06 16:56:00,2024-03-07 07:56:00,2024-03-08 07:56:00,2024-03-10 07:56:00,2024-03-12 07:56:00
O00787,C00042,delivered,2024-03-15 15:55:00,2024-03-16 08:55:00,2024-03-17 08:55:00,2024-03-20 08:55:00,2024-03-21 08:55:00
O00788,C00370,delivered,2024-04-12 12:05:00,2024-04-12 18:05:00,2024-04-15 18:05:00,2024-04-20 18:05:00,2024-04-23 18:05:00
O00789,C00510,delivered,2024-07-10 16:53:00,2024-07-11 16:53:00,2024-07-12 16:53:00,2024-07-15 16:53:00,2024-07-20 16:53:00
O00790,C00141,delivered,2024-09-08 08:20:00,2024-09-08 12:20:00,2024-09-09 12:20:00,2024-09-17 12:20:00,2024-09-18 12:20:00
O00791,C00006,delivered,2024-08-13 01:56:00,2024-08-13 09:56:00,2024-08-15 09:56:00,2024-08-21 09:56:00,2024-08-21 09:56:00
O00792,C00087,delivered,2024-10-20 06:25:00,2024-10-20 15:25:00,2024-10-22 15:25:00,2024-10-29 15:25:00,2024-10-29 15:25:00
O00793,C00251,delivered,2024-11-01 22:47:00,2024-11-02 03:47:00,2024-11-05 03:47:00,2024-11-12 03:47:00,2024-11-09 03:47:00
O00794,C00439,delivered,2024-04-07 09:43:00,2024-04-07 23:43:00,2024-04-09 23:43:00,2024-04-17 23:43:00,2024-04-19 23:43:00
O00795,C00370,delivered,2024-12-03 06:34:00,2024-12-03 07:34:00,2024-12-05 07:34:00,2024-12-08 07:34:00,2024-12-07 07:34:00
O00796,C00529,delivered,2024-10-12 18:07:00,2024-10-12 21:07:00,2024-10-13 21:07:00,2024-10-19 21:07:00,2024-10-21 21:07:00
O00797,C00168,delivered,2024-11-30 12:00:00,2024-12-01 02:00:00,2024-12-02 02:00:00,2024-12-09 02:00:00,2024-12-05 02:00:00
O00798,C00656,shipped,2024-12-12 01:11:00,2024-12-12 06:11:00,2024-12-15 06:11:00,,2024-12-24 06:11:00
O00799,C00429,delivered,2024-11-03 04:33:00,2024-11-03 17:33:00,2024-11-06 17:33:00,2024-11-11 17:33:00,2024-11-12 17:33:00
O00800,C00008,delivered,2024-09-05 22:23:00,2024-09-06 07:23:00,2024-09-09 07:23:00,2024-09-12 07:23:00,2024-09-16 07:23:00
O00801,C00210,delivered,2024-06-14 05:37:00,2024-06-14 23:37:00,2024-06-17 23:37:00,2024-06-25 23:37:00,2024-06-23 23:37:00
O00802,C00664,delivered,2024-11-30 23:09:00,2024-12-01 12:09:00,2024-12-02 12:09:00,2024-12-07 12:09:00,2024-12-06 12:09:00
O00803,C00342,canceled,2024-01-30 10:06:00,2024-01-30 23:06:00,2024-02-02 23:06:00,,2024-02-11 23:06:00
O00804,C00290,delivered,2024-09-03 02:45:00,2024-09-03 09:45:00,2024-09-04 09:45:00,2024-09-09 09:45:00,2024-09-15 09:45:00
O00805,C00650,delivered,2024-04-15 00:10:00,2024-04-15 06:10:00,2024-04-16 06:10:00,2024-04-17 06:10:00,2024-04-27 06:10:00
O00806,C00247,delivered,2024-02-20 22:04:00,2024-02-21 08:04:00,2024-02-24 08:04:00,2024-03-02 08:04:00,2024-03-04 08:04:00
O00807,C00061,delivered,2024-03-21 12:08:00,2024-03-22 00:08:00,2024-03-24 00:08:00,2024-03-30 00:08:00,2024-03-27 00:08:00
O00808,C00666,delivered,2024-05-12 13:20:00,2024-05-12 17:20:00,2024-05-14 17:20:00,2024-05-19 17:20:00,2024-05-16 17:20:00
O00809,C00241,delivered,2024-10-11 01:41:00,2024-10-12 01:41:00,2024-10-15 01:41:00,2024-10-19 01:41:00,2024-10-21 01:41:00
O00810,C00682,delivered,2024-05-17 23:35:00,2024-05-18 22:35:00,2024-05-21 22:35:00,2024-05-24 22:35:00,2024-05-28 22:35:00
O00811,C00253,delivered,2024-07-02 12:58:00,2024-07-02 16:58:00,2024-07-04 16:58:00,2024-07-08 16:58:00,2024-07-11 16:58:00
O00812,C00150,delivered,2024-11-25 03:33:00,2024-11-26 02:33:00,2024-11-28 02:33:00,2024-12-05 02:33:00,2024-12-01 02:33:00
O00813,C00435,delivered,2024-09-29 18:31:00,2024-09-29 23:31:00,2024-10-01 23:31:00,2024-10-05 23:31:00,2024-10-10 23:31:00
O00814,C00693,delivered,2024-12-05 06:40:00,2024-12-05 23:40:00,2024-12-07 23:40:00,2024-12-14 23:40:00,2024-12-13 23:40:00
O00815,C00651,delivered,2024-03-09 09:47:00,2024-03-09 23:47:00,2024-03-11 23:47:00,2024-03-19 23:47:00,2024-03-19 23:47:00
O00816,C00147,delivered,2024-02-03 14:48:00,2024-02-04 07:48:00,2024-02-05 07:48:00,2024-02-13 07:48:00,2024-02-15 07:48:00
O00817,C00721,delivered,2024-09-18 17:49:00,2024-09-19 10:49:00,2024-09-22 10:49:00,2024-09-24 10:49:00,2024-09-26 10:49:00
O00818,C00033,delivered,2024-02-22 09:51:00,2024-02-23 09:51:00,2024-02-24 09:51:00,2024-03-01 09:51:00,2024-02-28 09:51:00
O00819,C00418,delivered,2024-07-23 22:13:00,2024-07-24 02:13:00,2024-07-25 02:13:00,2024-07-31 02:13:00,2024-08-01 02:13:00
O00820,C00156,delivered,2024-05-05 18:29:00,2024-05-05 22:29:00,2024-05-07 22:29:00,2024-05-12 22:29:00,2024-05-14 22:29:00
O00821,C00497,delivered,2024-08-22 01:31:00,2024-08-22 02:31:00,2024-08-23 02:31:00,2024-08-26 02:31:00,2024-09-01 02:31:00
O00822,C00312,delivered,2024-02-12 11:12:00,2024-02-12 21:12:00,2024-02-13 21:12:00,2024-02-16 21:12:00,2024-02-23 21:12:00
O00823,C00560,delivered,2024-08-27 11:53:00,2024-08-27 23:53:00,2024-08-28 23:53:00,2024-08-29 23:53:00,2024-09-06 23:53:00
O00824,C00317,delivered,2024-04-20 15:35:00,2024-04-21 10:35:00,2024-04-23 10:35:00,2024-04-29 10:35:00,2024-05-01 10:35:00
O00825,C00737,delivered,2024-09-05 04:01:00,2024-09-06 00:01:00,2024-09-07 00:01:00,2024-09-10 00:01:00,2024-09-18 00:01:00
O00826,C00460,delivered,2024-05-30 00:01:00,2024-05-30 22:01:00,2024-06-01 22:01:00,2024-06-04 22:01:00,2024-06-08 22:01:00
O00827,C00639,delivered,2024-07-01 03:44:00,2024-07-02 01:44:00,2024-07-05 01:44:00,2024-07-12 01:44:00,2024-07-12 01:44:00
O00828,C00404,delivered,2024-12-01 13:20:00,2024-12-02 00:20:00,2024-12-05 00:20:00,2024-12-06 00:20:00,2024-12-13 00:20:00
O00829,C00661,delivered,2024-04-04 09:48:00,2024-04-04 12:48:00,2024-04-05 12:48:00,2024-04-06 12:48:00,2024-04-12 12:48:00
O00830,C00126,shipped,2024-01-08 01:55:00,2024-01-08 22:55:00,2024-01-11 22:55:00,,2024-01-15 22:55:00
O00831,C00554,delivered,2024-12-25 15:17:00,2024-12-26 10:17:00,2024-12-27 10:17:00,2024-12-31 10:17:00,2025-01-06 10:17:00
O00832,C00019,delivered,2024-07-02 18:46:00,2024-07-02 22:46:00,2024-07-05 22:46:00,2024-07-08 22:46:00,2024-07-06 22:46:00
O00833,C00210,delivered,2024-10-07 03:13:00,2024-10-07 11:13:00,2024-10-10 11:13:00,2024-10-18 11:13:00,2024-10-12 11:13:00
O00834,C00621,delivered,2024-07-13 19:49:00,2024-07-14 06:49:00,2024-07-16 06:49:00,2024-07-17 06:49:00,2024-07-25 06:49:00
O00835,C00023,delivered,2024-12-17 14:30:00,2024-12-18 01:30:00,2024-12-20 01:30:00,2024-12-23 01:30:00,2024-12-28 01:30:00
O00836,C00540,delivered,2024-07-13 01:29:00,2024-07-13 12:29:00,2024-07-15 12:29:00,2024-07-20 12:29:00,2024-07-18 12:29:00
O00837,C00101,delivered,2024-06-03 02:01:00,2024-06-03 20:01:00,2024-06-04 20:01:00,2024-06-09 20:01:00,2024-06-09 20:01:00
O00838,C00091,delivered,2024-04-02 02:22:00,2024-04-02 07:22:00,2024-04-04 07:22:00,2024-04-11 07:22:00,2024-04-08 07:22:00
O00839,C00333,delivered,2024-06-08 16:33:00,2024-06-08 22:33:00,2024-06-09 22:33:00,2024-06-10 22:33:00,2024-06-16 22:33:00
O00840,C00327,delivered,2024-03-01 01:45:00,2024-03-01 06:45:00,2024-03-03 06:45:00,2024-03-09 06:45:00,2024-03-09 06:45:00
O00841,C00123,delivered,2024-05-01 14:46:00,2024-05-01 16:46:00,2024-05-02 16:46:00,2024-05-06 16:46:00,2024-05-08 16:46:00
O00842,C00516,delivered,2024-02-20 07:07:00,2024-02-20 20:07:00,2024-02-21 20:07:00,2024-02-26 20:07:00,2024-02-24 20:07:00
O00843,C00566,delivered,2024-10-03 22:08:00,2024-10-04 12:08:00,2024-10-05 12:08:00,2024-10-13 12:08:00,2024-10-08 12:08:00
O00844,C00239,delivered,2024-01-05 05:16:00,2024-01-05 06:16:00,2024-01-07 06:16:00,2024-01-09 06:16:00,2024-01-12 06:16:00
O00845,C00667,delivered,2024-04-01 10:34:00,2024-04-01 15:34:00,2024-04-03 15:34:00,2024-04-10 15:34:00,2024-04-12 15:34:00
O00846,C00651,delivered,2024-06-18 00:08:00,2024-06-18 17:08:00,2024-06-19 17:08:00,2024-06-22 17:08:00,2024-06-27 17:08:00
O00847,C00172,delivered,2024-11-12 12:53:00,2024-11-12 20:53:00,2024-11-15 20:53:00,2024-11-22 20:53:00,2024-11-24 20:53:00
O00848,C00001,delivered,2024-01-22 18:16:00,2024-01-23 09:16:00,2024-01-26 09:16:00,2024-01-31 09:16:00,2024-01-29 09:16:00
O00849,C00493,canceled,2024-11-21 23:02:00,2024-11-22 08:02:00,2024-11-25 08:02:00,,2024-12-02 08:02:00
O00850,C00647,delivered,2024-01-01 03:42:00,2024-01-01 10:42:00,2024-01-04 10:42:00,2024-01-09 10:42:00,2024-01-05 10:42:00
O00851,C00546,delivered,2024-05-12 23:59:00,2024-05-13 18:59:00,2024-05-14 18:59:00,2024-05-19 18:59:00,2024-05-18 18:59:00
O00852,C00125,delivered,2024-08-20 09:12:00,2024-08-20 14:12:00,2024-08-23 14:12:00,2024-08-28 14:12:00,2024-08-30 14:12:00
O00853,C00516,shipped,2024-01-12 23:13:00,2024-01-13 10:13:00,2024-01-16 10:13:00,,2024-01-21 10:13:00
O00854,C00724,delivered,2024-12-11 11:55:00,2024-12-12 02:55:00,2024-12-14 02:55:00,2024-12-18 02:55:00,2024-12-21 02:55:00
O00855,C00470,delivered,2024-02-15 21:27:00,2024-02-16 17:27:00,2024-02-18 17:27:00,2024-02-19 17:27:00,2024-02-22 17:27:00
O00856,C00002,delivered,2024-02-03 22:21:00,2024-02-04 18:21:00,2024-02-06 18:21:00,2024-02-07 18:21:00,2024-02-08 18:21:00
O00857,C00423,delivered,2024-03-18 18:27:00,2024-03-19 12:27:00,2024-03-22 12:27:00,2024-03-30 12:27:00,2024-03-29 12:27:00
O00858,C00664,delivered,2024-08-05 22:21:00,2024-08-06 19:21:00,2024-08-07 19:21:00,2024-08-08 19:21:00,2024-08-17 19:21:00
O00859,C00361,delivered,2024-10-27 01:50:00,2024-10-27 14:50:00,2024-10-30 14:50:00,2024-11-05 14:50:00,2024-11-06 14:50:00
O00860,C00713,shipped,2024-03-13 04:10:00,2024-03-13 05:10:00,2024-03-14 05:10:00,,2024-03-22 05:10:00
O00861,C00455,delivered,2024-10-08 06:22:00,2024-10-08 07:22:00,2024-10-09 07:22:00,2024-10-10 07:22:00,2024-10-16 07:22:00
O00862,C00726,delivered,2024-09-05 00:06:00,2024-09-05 12:06:00,2024-09-06 12:06:00,2024-09-08 12:06:00,2024-09-13 12:06:00
O00863,C00226,delivered,2024-02-16 07:38:00,2024-02-16 15:38:00,2024-02-18 15:38:00,2024-02-24 15:38:00,2024-02-20 15:38:00
O00864,C00720,delivered,2024-04-30 18:27:00,2024-05-01 17:27:00,2024-05-04 17:27:00,2024-05-08 17:27:00,2024-05-05 17:27:00
O00865,C00653,delivered,2024-08-01 03:27:00,2024-08-01 16:27:00,2024-08-02 16:27:00,2024-08-07 16:27:00,2024-08-13 16:27:00
O00866,C00565,delivered,2024-08-26 14:59:00,2024-08-26 21:59:00,2024-08-29 21:59:00,2024-09-01 21:59:00,2024-08-31 21:59:00
O00867,C00066,delivered,2024-02-25 23:33:00,2024-02-26 04:33:00,2024-02-28 04:33:00,2024-03-03 04:33:00,2024-03-09 04:33:00
O00868,C00280,delivered,2024-12-15 22:17:00,2024-12-16 05:17:00,2024-12-19 05:17:00,2024-12-20 05:17:00,2024-12-28 05:17:00
O00869,C00697,delivered,2024-04-16 00:21:00,2024-04-16 18:21:00,2024-04-18 18:21:00,2024-04-19 18:21:00,2024-04-26 18:21:00
O00870,C00665,delivered,2024-11-14 06:49:00,2024-11-14 08:49:00,2024-11-16 08:49:00,2024-11-23 08:49:00,2024-11-24 08:49:00
O00871,C00696,delivered,2024-02-17 14:54:00,2024-02-18 07:54:00,2024-02-20 07:54:00,2024-02-28 07:54:00,2024-02-27 07:54:00
O00872,C00044,delivered,2024-03-01 08:34:00,2024-03-02 08:34:00,2024-03-03 08:34:00,2024-03-04 08:34:00,2024-03-10 08:34:00
O00873,C00545,delivered,2024-12-02 19:10:00,2024-12-03 10:10:00,2024-12-05 10:10:00,2024-12-06 10:10:00,2024-12-13 10:10:00
O00874,C00083,shipped,2024-01-26 13:28:00,2024-01-27 08:28:00,2024-01-28 08:28:00,,2024-02-06 08:28:00
O00875,C00255,delivered,2024-10-18 14:33:00,2024-10-18 21:33:00,2024-10-19 21:33:00,2024-10-25 21:33:00,2024-10-26 21:33:00
O00876,C00640,delivered,2024-09-13 00:13:00,2024-09-13 04:13:00,2024-09-14 04:13:00,2024-09-22 04:13:00,2024-09-23 04:13:00
O00877,C00606,delivered,2024-01-08 16:10:00,2024-01-09 13:10:00,2024-01-11 13:10:00,2024-01-16 13:10:00,2024-01-16 13:10:00
O00878,C00244,delivered,2024-04-22 16:17:00,2024-04-23 03:17:00,2024-04-24 03:17:00,2024-04-30 03:17:00,2024-05-05 03:17:00
O00879,C00074,delivered,2024-12-20 16:53:00,2024-12-21 12:53:00,2024-12-24 12:53:00,2025-01-01 12:53:00,2024-12-26 12:53:00
O00880,C00592,delivered,2024-09-09 17:15:00,2024-09-09 21:15:00,2024-09-10 21:15:00,2024-09-11 21:15:00,2024-09-13 21:15:00
O00881,C00710,delivered,2024-06-28 01:26:00,2024-06-28 04:26:00,2024-06-29 04:26:00,2024-06-30 04:26:00,2024-07-09 04:26:00
O00882,C00625,delivered,2024-07-25 15:08:00,2024-07-26 12:08:00,2024-07-28 12:08:00,2024-07-30 12:08:00,2024-07-31 12:08:00
O00883,C00572,delivered,2024-10-29 22:04:00,2024-10-30 00:04:00,2024-11-01 00:04:00,2024-11-08 00:04:00,2024-11-09 00:04:00
O00884,C00420,delivered,2024-05-06 21:06:00,2024-05-07 05:06:00,2024-05-10 05:06:00,2024-05-11 05:06:00,2024-05-18 05:06:00
O00885,C00438,delivered,2024-02-25 02:01:00,2024-02-25 22:01:00,2024-02-28 22:01:00,2024-03-01 22:01:00,2024-03-05 22:01:00
O00886,C00691,delivered,2024-08-01 19:30:00,2024-08-01 20:30:00,2024-08-03 20:30:00,2024-08-09 20:30:00,2024-08-08 20:30:00
O00887,C00012,delivered,2024-01-14 12:29:00,2024-01-15 08:29:00,2024-01-18 08:29:00,2024-01-20 08:29:00,2024-01-22 08:29:00
O00888,C00129,delivered,2024-01-28 22:59:00,2024-01-29 19:59:00,2024-02-01 19:59:00,2024-02-06 19:59:00,2024-02-07 19:59:00
O00889,C00742,delivered,2024-03-18 11:24:00,2024-03-19 07:24:00,2024-03-21 07:24:00,2024-03-24 07:24:00,2024-03-26 07:24:00
O00890,C00045,delivered,2024-08-03 05:08:00,2024-08-03 07:08:00,2024-08-04 07:08:00,2024-08-09 07:08:00,2024-08-13 07:08:00
O00891,C00667,delivered,2024-12-30 11:34:00,2024-12-30 23:34:00,2025-01-01 23:34:00,2025-01-04 23:34:00,2025-01-05 23:34:00
O00892,C00617,delivered,2024-06-02 04:47:00,2024-06-02 15:47:00,2024-06-04 15:47:00,2024-06-10 15:47:00,2024-06-06 15:47:00
O00893,C00673,delivered,2024-01-14 05:06:00,2024-01-15 03:06:00,2024-01-16 03:06:00,2024-01-17 03:06:00,2024-01-22 03:06:00
O00894,C00572,shipped,2024-07-05 15:13:00,2024-07-05 17:13:00,2024-07-07 17:13:00,,2024-07-12 17:13:00
O00895,C00655,delivered,2024-11-07 11:01:00,2024-11-07 18:01:00,2024-11-08 18:01:00,2024-11-14 18:01:00,2024-11-14 18:01:00
O00896,C00711,delivered,2024-01-07 09:08:00,2024-01-08 08:08:00,2024-01-10 08:08:00,2024-01-16 08:08:00,2024-01-17 08:08:00
O00897,C00428,delivered,2024-01-03 22:55:00,2024-01-04 09:55:00,2024-01-05 09:55:00,2024-01-07 09:55:00,2024-01-15 09:55:00
O00898,C00043,delivered,2024-04-20 05:11:00,2024-04-20 21:11:00,2024-04-21 21:11:00,2024-04-22 21:11:00,2024-04-27 21:11:00
O00899,C00477,delivered,2024-08-25 14:32:00,2024-08-26 10:32:00,2024-08-27 10:32:00,2024-08-31 10:32:00,2024-09-06 10:32:00
O00900,C00339,delivered,2024-12-28 18:02:00,2024-12-29 18:02:00,2024-12-31 18:02:00,2025-01-04 18:02:00,2025-01-08 18:02:00
O00901,C00006,delivered,2024-08-26 15:23:00,2024-08-27 03:23:00,2024-08-28 03:23:00,2024-08-30 03:23:00,2024-09-05 03:23:00
O00902,C00117,delivered,2024-09-30 12:34:00,2024-09-30 17:34:00,2024-10-02 17:34:00,2024-10-10 17:34:00,2024-10-07 17:34:00
O00903,C00368,delivered,2024-10-20 00:34:00,2024-10-20 02:34:00,2024-10-21 02:34:00,2024-10-25 02:34:00,2024-10-27 02:34:00
O00904,C00224,delivered,2024-08-14 07:24:00,2024-08-14 16:24:00,2024-08-17 16:24:00,2024-08-20 16:24:00,2024-08-23 16:24:00
O00905,C00251,delivered,2024-01-15 01:32:00,2024-01-15 07:32:00,2024-01-16 07:32:00,2024-01-17 07:32:00,2024-01-21 07:32:00
O00906,C00103,delivered,2024-07-10 20:30:00,2024-07-10 21:30:00,2024-07-13 21:30:00,2024-07-16 21:30:00,2024-07-20 21:30:00
O00907,C00113,delivered,2024-04-28 05:52:00,2024-04-28 16:52:00,2024-04-29 16:52:00,2024-05-04 16:52:00,2024-05-09 16:52:00
O00908,C00381,delivered,2024-01-28 15:02:00,2024-01-29 13:02:00,2024-01-30 13:02:00,2024-02-06 13:02:00,2024-02-03 13:02:00
O00909,C00133,delivered,2024-07-20 22:35:00,2024-07-21 05:35:00,2024-07-22 05:35:00,2024-07-29 05:35:00,2024-07-30 05:35:00
O00910,C00439,delivered,2024-02-08 14:21:00,2024-02-09 11:21:00,2024-02-10 11:21:00,2024-02-11 11:21:00,2024-02-16 11:21:00
O00911,C00301,delivered,2024-09-29 02:38:00,2024-09-29 07:38:00,2024-10-01 07:38:00,2024-10-05 07:38:00,2024-10-03 07:38:00
O00912,C00286,delivered,2024-08-18 15:56:00,2024-08-18 20:56:00,2024-08-21 20:56:00,2024-08-29 20:56:00,2024-08-25 20:56:00
O00913,C00481,delivered,2024-03-26 00:23:00,2024-03-26 22:23:00,2024-03-29 22:23:00,2024-03-31 22:23:00,2024-04-01 22:23:00
O00914,C00660,delivered,2024-05-05 06:43:00,2024-05-05 23:43:00,2024-05-07 23:43:00,2024-05-15 23:43:00,2024-05-17 23:43:00
O00915,C00329,delivered,2024-10-26 13:24:00,2024-10-27 12:24:00,2024-10-29 12:24:00,2024-11-06 12:24:00,2024-11-07 12:24:00
O00916,C00595,delivered,2024-01-25 08:35:00,2024-01-25 21:35:00,2024-01-28 21:35:00,2024-01-29 21:35:00,2024-02-01 21:35:00
O00917,C00207,delivered,2024-05-24 12:11:00,2024-05-25 03:11:00,2024-05-26 03:11:00,2024-06-02 03:11:00,2024-06-01 03:11:00
O00918,C00386,delivered,2024-01-13 23:07:00,2024-01-14 18:07:00,2024-01-15 18:07:00,2024-01-21 18:07:00,2024-01-22 18:07:00
O00919,C00137,delivered,2024-07-30 23:25:00,2024-07-31 02:25:00,2024-08-02 02:25:00,2024-08-10 02:25:00,2024-08-12 02:25:00
O00920,C00597,delivered,2024-01-25 08:51:00,2024-01-25 10:51:00,2024-01-27 10:51:00,2024-02-02 10:51:00,2024-02-04 10:51:00
O00921,C00442,delivered,2024-03-08 15:55:00,2024-03-09 05:55:00,2024-03-11 05:55:00,2024-03-19 05:55:00,2024-03-18 05:55:00
O00922,C00025,delivered,2024-03-07 02:31:00,2024-03-07 08:31:00,2024-03-09 08:31:00,2024-03-13 08:31:00,2024-03-15 08:31:00
O00923,C00367,shipped,2024-08-20 15:46:00,2024-08-20 18:46:00,2024-08-22 18:46:00,,2024-08-28 18:46:00
O00924,C00100,delivered,2024-04-18 10:07:00,2024-04-18 14:07:00,2024-04-19 14:07:00,2024-04-25 14:07:00,2024-04-22 14:07:00
O00925,C00341,delivered,2024-05-25 06:59:00,2024-05-25 13:59:00,2024-05-28 13:59:00,2024-06-03 13:59:00,2024-06-02 13:59:00
O00926,C00699,delivered,2024-04-20 21:13:00,2024-04-21 06:13:00,2024-04-22 06:13:00,2024-04-25 06:13:00,2024-05-03 06:13:00
O00927,C00008,shipped,2024-08-15 19:00:00,2024-08-16 05:00:00,2024-08-18 05:00:00,,2024-08-26 05:00:00
O00928,C00593,canceled,2024-04-20 14:25:00,2024-04-21 11:25:00,2024-04-22 11:25:00,,2024-05-03 11:25:00
O00929,C00152,delivered,2024-02-03 09:37:00,2024-02-03 22:37:00,2024-02-04 22:37:00,2024-02-08 22:37:00,2024-02-10 22:37:00
O00930,C00528,delivered,2024-04-20 05:34:00,2024-04-21 00:34:00,2024-04-24 00:34:00,2024-05-02 00:34:00,2024-05-02 00:34:00
O00931,C00087,delivered,2024-09-20 15:31:00,2024-09-21 02:31:00,2024-09-22 02:31:00,2024-09-29 02:31:00,2024-10-01 02:31:00
O00932,C00460,delivered,2024-08-23 04:54:00,2024-08-23 22:54:00,2024-08-24 22:54:00,2024-08-30 22:54:00,2024-08-29 22:54:00
O00933,C00131,delivered,2024-03-23 12:34:00,2024-03-23 22:34:00,2024-03-26 22:34:00,2024-03-27 22:34:00,2024-04-03 22:34:00
O00934,C00363,delivered,2024-02-11 23:14:00,2024-02-12 10:14:00,2024-02-13 10:14:00,2024-02-20 10:14:00,2024-02-22 10:14:00
O00935,C00413,delivered,2024-04-10 03:05:00,2024-04-11 02:05:00,2024-04-14 02:05:00,2024-04-19 02:05:00,2024-04-20 02:05:00
O00936,C00581,delivered,2024-01-06 21:09:00,2024-01-06 23:09:00,2024-01-07 23:09:00,2024-01-10 23:09:00,2024-01-15 23:09:00
O00937,C00617,delivered,2024-06-28 10:36:00,2024-06-29 06:36:00,2024-07-02 06:36:00,2024-07-09 06:36:00,2024-07-09 06:36:00
O00938,C00400,delivered,2024-10-08 21:31:00,2024-10-09 00:31:00,2024-10-12 00:31:00,2024-10-19 00:31:00,2024-10-16 00:31:00
O00939,C00336,delivered,2024-11-15 21:00:00,2024-11-16 16:00:00,2024-11-18 16:00:00,2024-11-23 16:00:00,2024-11-21 16:00:00
O00940,C00691,delivered,2024-08-13 08:49:00,2024-08-14 02:49:00,2024-08-15 02:49:00,2024-08-16 02:49:00,2024-08-25 02:49:00
O00941,C00203,delivered,2024-11-10 00:20:00,2024-11-10 03:20:00,2024-11-12 03:20:00,2024-11-17 03:20:00,2024-11-17 03:20:00
O00942,C00675,delivered,2024-12-30 15:10:00,2024-12-31 08:10:00,2025-01-01 08:10:00,2025-01-09 08:10:00,2025-01-04 08:10:00
O00943,C00011,delivered,2024-08-16 14:26:00,2024-08-16 20:26:00,2024-08-18 20:26:00,2024-08-25 20:26:00,2024-08-26 20:26:00
O00944,C00113,delivered,2024-10-15 13:13:00,2024-10-15 18:13:00,2024-10-18 18:13:00,2024-10-25 18:13:00,2024-10-26 18:13:00
O00945,C00398,delivered,2024-05-29 01:39:00,2024-05-29 08:39:00,2024-05-30 08:39:00,2024-06-03 08:39:00,2024-06-06 08:39:00
O00946,C00726,delivered,2024-10-03 12:31:00,2024-10-04 10:31:00,2024-10-06 10:31:00,2024-10-09 10:31:00,2024-10-12 10:31:00
O00947,C00514,delivered,2024-07-16 07:57:00,2024-07-17 06:57:00,2024-07-20 06:57:00,2024-07-28 06:57:00,2024-07-25 06:57:00
O00948,C00146,delivered,2024-03-10 22:01:00,2024-03-11 13:01:00,2024-03-12 13:01:00,2024-03-19 13:01:00,2024-03-18 13:01:00
O00949,C00582,delivered,2024-04-21 15:39:00,2024-04-22 07:39:00,2024-04-24 07:39:00,2024-05-02 07:39:00,2024-04-26 07:39:00
O00950,C00294,delivered,2024-01-04 08:45:00,2024-01-05 05:45:00,2024-01-07 05:45:00,2024-01-13 05:45:00,2024-01-13 05:45:00
O00951,C00179,delivered,2024-12-15 05:33:00,2024-12-15 19:33:00,2024-12-16 19:33:00,2024-12-19 19:33:00,2024-12-25 19:33:00
O00952,C00674,delivered,2024-11-26 00:01:00,2024-11-26 06:01:00,2024-11-29 06:01:00,2024-12-01 06:01:00,2024-12-06 06:01:00
O00953,C00044,delivered,2024-11-13 06:14:00,2024-11-13 14:14:00,2024-11-14 14:14:00,2024-11-19 14:14:00,2024-11-25 14:14:00
O00954,C00068,delivered,2024-12-15 04:52:00,2024-12-16 03:52:00,2024-12-19 03:52:00,2024-12-23 03:52:00,2024-12-27 03:52:00
O00955,C00566,delivered,2024-04-04 13:56:00,2024-04-04 17:56:00,2024-04-06 17:56:00,2024-04-08 17:56:00,2024-04-09 17:56:00
O00956,C00333,delivered,2024-05-31 16:44:00,2024-06-01 06:44:00,2024-06-03 06:44:00,2024-06-06 06:44:00,2024-06-09 06:44:00
O00957,C00045,delivered,2024-11-06 09:12:00,2024-11-07 00:12:00,2024-11-08 00:12:00,2024-11-10 00:12:00,2024-11-18 00:12:00
O00958,C00408,delivered,2024-05-16 05:17:00,2024-05-16 12:17:00,2024-05-18 12:17:00,2024-05-19 12:17:00,2024-05-20 12:17:00
O00959,C00726,delivered,2024-09-03 06:20:00,2024-09-03 11:20:00,2024-09-05 11:20:00,2024-09-13 11:20:00,2024-09-14 11:20:00
O00960,C00084,delivered,2024-08-30 00:13:00,2024-08-30 18:13:00,2024-09-02 18:13:00,2024-09-06 18:13:00,2024-09-10 18:13:00
O00961,C00285,delivered,2024-01-31 08:23:00,2024-01-31 14:23:00,2024-02-01 14:23:00,2024-02-02 14:23:00,2024-02-05 14:23:00
O00962,C00127,delivered,2024-02-09 03:50:00,2024-02-09 21:50:00,2024-02-12 21:50:00,2024-02-19 21:50:00,2024-02-15 21:50:00
O00963,C00011,delivered,2024-08-16 18:27:00,2024-08-17 16:27:00,2024-08-19 16:27:00,2024-08-22 16:27:00,2024-08-28 16:27:00
O00964,C00221,delivered,2024-02-05 02:09:00,2024-02-06 01:09:00,2024-02-07 01:09:00,2024-02-11 01:09:00,2024-02-17 01:09:00
O00965,C00650,delivered,2024-08-10 13:57:00,2024-08-11 06:57:00,2024-08-14 06:57:00,2024-08-16 06:57:00,2024-08-21 06:57:00
O00966,C00454,delivered,2024-01-06 19:28:00,2024-01-06 21:28:00,2024-01-09 21:28:00,2024-01-10 21:28:00,2024-01-10 21:28:00
O00967,C00206,delivered,2024-11-17 14:50:00,2024-11-17 22:50:00,2024-11-19 22:50:00,2024-11-23 22:50:00,2024-11-24 22:50:00
O00968,C00431,delivered,2024-08-07 00:27:00,2024-08-07 01:27:00,2024-08-08 01:27:00,2024-08-14 01:27:00,2024-08-14 01:27:00
O00969,C00064,delivered,2024-03-15 01:05:00,2024-03-15 09:05:00,2024-03-16 09:05:00,2024-03-19 09:05:00,2024-03-21 09:05:00
O00970,C00524,delivered,2024-01-04 19:46:00,2024-01-04 23:46:00,2024-01-06 23:46:00,2024-01-12 23:46:00,2024-01-16 23:46:00
O00971,C00639,delivered,2024-11-30 20:52:00,2024-12-01 03:52:00,2024-12-04 03:52:00,2024-12-11 03:52:00,2024-12-11 03:52:00
O00972,C00218,delivered,2024-05-13 04:20:00,2024-05-13 08:20:00,2024-05-15 08:20:00,2024-05-21 08:20:00,2024-05-19 08:20:00
O00973,C00669,delivered,2024-04-27 07:39:00,2024-04-27 18:39:00,2024-04-28 18:39:00,2024-05-05 18:39:00,2024-05-04 18:39:00
O00974,C00067,delivered,2024-04-03 05:00:00,2024-04-04 03:00:00,2024-04-06 03:00:00,2024-04-12 03:00:00,2024-04-08 03:00:00
O00975,C00223,delivered,2024-03-02 15:18:00,2024-03-03 05:18:00,2024-03-05 05:18:00,2024-03-13 05:18:00,2024-03-08 05:18:00
O00976,C00582,canceled,2024-07-12 22:06:00,2024-07-13 04:06:00,2024-07-15 04:06:00,,2024-07-22 04:06:00
O00977,C00713,delivered,2024-11-30 04:46:00,2024-11-30 17:46:00,2024-12-03 17:46:00,2024-12-06 17:46:00,2024-12-09 17:46:00
O00978,C00704,delivered,2024-07-21 23:38:00,2024-07-22 10:38:00,2024-07-25 10:38:00,2024-08-02 10:38:00,2024-07-27 10:38:00
O00979,C00623,delivered,2024-01-26 17:13:00,2024-01-27 12:13:00,2024-01-29 12:13:00,2024-02-05 12:13:00,2024-02-08 12:13:00
O00980,C00238,delivered,2024-06-21 10:29:00,2024-06-22 03:29:00,2024-06-25 03:29:00,2024-06-26 03:29:00,2024-06-29 03:29:00
O00981,C00127,delivered,2024-10-26 04:29:00,2024-10-26 14:29:00,2024-10-27 14:29:00,2024-11-03 14:29:00,2024-11-02 14:29:00
O00982,C00061,delivered,2024-05-12 09:51:00,2024-05-12 14:51:00,2024-05-14 14:51:00,2024-05-22 14:51:00,2024-05-20 14:51:00
O00983,C00384,shipped,2024-11-21 14:03:00,2024-11-21 21:03:00,2024-11-24 21:03:00,,2024-11-28 21:03:00
O00984,C00612,delivered,2024-04-27 14:21:00,2024-04-28 05:21:00,2024-05-01 05:21:00,2024-05-07 05:21:00,2024-05-04 05:21:00
O00985,C00659,delivered,2024-11-19 23:04:00,2024-11-20 01:04:00,2024-11-23 01:04:00,2024-11-30 01:04:00,2024-11-28 01:04:00
O00986,C00234,delivered,2024-10-01 21:20:00,2024-10-02 21:20:00,2024-10-04 21:20:00,2024-10-10 21:20:00,2024-10-09 21:20:00
O00987,C00055,delivered,2024-07-30 02:12:00,2024-07-31 00:12:00,2024-08-01 00:12:00,2024-08-05 00:12:00,2024-08-10 00:12:00
O00988,C00187,delivered,2024-08-12 21:39:00,2024-08-13 12:39:00,2024-08-16 12:39:00,2024-08-17 12:39:00,2024-08-18 12:39:00
O00989,C00071,delivered,2024-01-20 16:11:00,2024-01-20 23:11:00,2024-01-21 23:11:00,2024-01-24 23:11:00,2024-01-27 23:11:00
O00990,C00177,delivered,2024-04-22 08:32:00,2024-04-23 03:32:00,2024-04-26 03:32:00,2024-04-30 03:32:00,2024-04-30 03:32:00
O00991,C00436,delivered,2024-05-19 05:12:00,2024-05-20 05:12:00,2024-05-22 05:12:00,2024-05-27 05:12:00,2024-05-26 05:12:00
O00992,C00250,delivered,2024-02-16 09:35:00,2024-02-16 23:35:00,2024-02-17 23:35:00,2024-02-21 23:35:00,2024-02-24 23:35:00
O00993,C00459,delivered,2024-01-01 14:45:00,2024-01-02 11:45:00,2024-01-03 11:45:00,2024-01-08 11:45:00,2024-01-13 11:45:00
O00994,C00368,delivered,2024-03-30 21:47:00,2024-03-31 10:47:00,2024-04-02 10:47:00,2024-04-05 10:47:00,2024-04-11 10:47:00
O00995,C00517,delivered,2024-05-21 19:04:00,2024-05-22 15:04:00,2024-05-25 15:04:00,2024-06-01 15:04:00,2024-05-28 15:04:00
O00996,C00493,delivered,2024-11-15 18:50:00,2024-11-15 19:50:00,2024-11-17 19:50:00,2024-11-24 19:50:00,2024-11-20 19:50:00
O00997,C00307,delivered,2024-02-07 11:26:00,2024-02-08 07:26:00,2024-02-11 07:26:00,2024-02-14 07:26:00,2024-02-20 07:26:00
O00998,C00263,delivered,2024-10-19 20:27:00,2024-10-20 09:27:00,2024-10-22 09:27:00,2024-10-27 09:27:00,2024-10-31 09:27:00
O00999,C00575,delivered,2024-05-18 02:44:00,2024-05-18 22:44:00,2024-05-20 22:44:00,2024-05-22 22:44:00,2024-05-27 22:44:00
